shot_id,time,summary.ip,summary.line_average_n_e,summary.power_nbi,summary.power_radiated,summary.greenwald_density,summary.neutron_rates_total,equilibrium.q95,equilibrium.li,equilibrium.q_axis,equilibrium.beta_pol,equilibrium.beta_tor,equilibrium.elongation,equilibrium.minor_radius,equilibrium.triangularity_lower,equilibrium.triangularity_upper,equilibrium.vloop_dynamic,equilibrium.vloop_static,magnetics.ip,gas_injection.inboard_total,gas_injection.outboard_total,gas_injection.pressure,gas_injection.total_injected,spectrometer_visible.density_gradient,derived.f_greenwald,derived.rad_fraction,derived.net_power_mw
12489,0.0,-18065.0625,0.0,0.0,7521.8984375,,2422244608.0,,,,,,,,,,,,-18065.0625,0.0,5.941767873375922e+21,,,0.0,,0.9998670725109068,-0.0075218984375
12489,0.005,345064.96875000035,3.5464475424787016e+18,1.9040929079055409,198266.76562499994,,19391533056.0,,,,,,,,,,,,345064.9687499998,0.0,5.748088319601041e+21,,,0.0,,0.9999853528131053,-0.19826486153209202
12489,0.01,442313.68750000006,5.846093979036159e+18,-1.0252807140350289,158769.0625000001,3.8722068343387324e+19,0.0,11.503167152404783,0.42746388912200933,9.973796844482417,0.15228234231472007,0.9270215034484859,1.4795464277267456,0.5996750593185424,0.26569119095802307,0.26569119095802307,28.67717170715332,3.090322732925415,442313.68750000006,0.0,5.351284037732773e+21,,,0.0,0.15097576728580184,0.9999937015833825,-0.1587700877807141
12489,0.015,434756.65625,7.759713153075642e+18,0.0,200263.078125,3.8722068343387324e+19,0.0,9.341005325317383,0.4958665072917938,5.548318862915039,0.08130626380443573,0.49860137701034546,1.478522539138794,0.5214753746986389,0.27281683683395386,0.27281683683395386,28.67717170715332,3.090322732925415,434756.65625,0.0,4.981871774698081e+21,,,5.203469564775498e+19,0.20039511020595546,0.9999950065932475,-0.200263078125
12489,0.02,438333.43750000006,7.547874096042744e+18,-3.9546544551848952,103766.81250000004,4.61839259955217e+19,0.0,9.060013771057127,0.5396417975425721,4.228597164154051,0.06110696122050288,0.38676527142524764,1.415847897529602,0.5394513607025146,0.2954604029655457,0.2954604029655457,13.31646728515625,3.210102081298828,438333.4375,0.0,4.6379619889783054e+21,,,3.5203698754469233e+18,0.16343075936798088,0.9999903631003111,-0.10377076715445523
12489,0.025,473584.03125000006,7.81187068616245e+18,1.9040929079055104,111018.60156250003,4.618392599552171e+19,0.0,8.335346221923828,0.5754589438438417,3.3056571483612047,0.07578744739294054,0.5922587513923647,1.4029399156570435,0.5622084736824036,0.32521662116050715,0.32521662116050715,13.316467285156246,3.210102081298828,473584.0312500001,0.0,6.504426781671315e+21,,,3.154485391071904e+18,0.16914696006831337,0.9999738420687887,-0.11101669746959213
12489,0.03,487971.90625,7.835377145252676e+18,-1.0252807140350342,119528.6328125,4.734383159798818e+19,0.0,7.850181579589844,0.6448563933372498,2.3720450401306152,0.08471574634313583,0.7647866606712341,1.3852059841156006,0.5837246179580688,0.29760465025901794,0.29760465025901794,10.25047492980957,3.1463711261749268,487971.90625,0.0,7.869787021350902e+21,,,3.593583056205644e+18,0.16549943003737852,0.9999916338737393,-0.11952965809321403
12489,0.035,504538.875,9.113330714123698e+18,0.0,117277.5625,4.719203302265743e+19,0.0,7.850181579589844,0.6448563933372498,2.3720450401306152,0.08471574634313583,0.7647866606712341,1.3852059841156006,0.5837246179580688,0.29760465025901794,0.29760465025901794,8.585495948791504,3.0100038051605225,504538.875,0.0,9.093691448534596e+21,,,3.518135722794864e+19,0.19311163623207936,0.9999914732924868,-0.1172775625
12489,0.04,521678.46875,9.773377439882279e+18,0.0,133219.04687499988,4.9648262834271805e+19,0.0,7.1207547187805185,0.7769495844841001,1.5340020656585704,0.16124333441257466,1.7432386875152575,1.400344967842102,0.5995509028434753,0.26576763391494757,0.3163262903690338,5.567462921142583,2.6286337375640874,521678.46875,0.0,1.0232185108785202e+22,,,4.940751376825398e+19,0.19685235458300454,0.9999924936222179,-0.13321904687499989
12489,0.045,524089.40625,9.076877505616409e+18,1.9040929079055786,242163.0624999995,4.964826283427183e+19,0.0,6.814694881439207,0.8483130931854251,1.2997846603393546,0.1977153122425079,2.2522094249725346,1.403989553451538,0.6020690202713013,0.26962578296661377,0.3199729919433594,5.567462921142576,2.6286337375640865,524089.40625000006,0.0,1.1291610759227926e+22,,,5.276098904859869e+19,0.18282366768632854,0.9999880078404544,-0.2421611584070916
12489,0.05,527391.4375,9.744442691885732e+18,-1.02528071403502,141195.17187500003,5.0720700087725466e+19,0.0,6.239317893981933,0.981718957424164,0.975949943065643,0.18975342810153975,2.3562929630279568,1.3871991634368896,0.6092954277992249,0.2780312895774842,0.32778137922286993,5.01102542877197,2.52719521522522,527391.4375,0.0,1.2279112797721652e+22,,,5.614421711359102e+19,0.1921196409953322,0.9999929176550134,-0.14119619715571408
12489,0.055,540765.5,1.1050956075288234e+19,-1.0252807140350606,140469.5,5.218500768336498e+19,0.0,5.9919328689575195,1.0509982109069824,0.8633817434310913,0.23756916821002969,3.2523677349090594,1.3910447359085083,0.621588945388794,0.29121163487434387,0.33997777104377747,4.003505229949951,2.626999855041504,540765.5000000001,0.0,1.319876135242959e+22,,,6.607306659715246e+19,0.21176496020352123,0.9999928810675551,-0.14047052528071405
12489,0.06,564450.5,1.1554889742088667e+19,0.0,145457.109375,5.218500768336498e+19,0.0,5.772408962249756,1.0508757829666138,0.8342310786247253,0.2898591160774231,4.410838603973389,1.406787633895874,0.6278597712516785,0.2996300756931305,0.34790918231010437,4.003505229949951,2.626999855041504,564450.5,0.0,1.4053698809991747e+22,,,8.514082363432292e+19,0.22142163535164183,0.9999931251684469,-0.145457109375
12489,0.065,586561.1875,1.221272644947542e+19,1.9040929079055786,154095.65625,5.424512303791027e+19,0.0,5.599262237548828,1.1056970357894897,0.7716197371482849,0.31612706184387207,5.221296787261963,1.4224807024002075,0.6333735585212708,0.30468353629112244,0.35254234075546265,3.7940421104431152,2.645580530166626,586561.1875,0.0,1.4849442079951653e+22,,,9.16602151034998e+19,0.2251396211405091,0.999981154315125,-0.1540937521570921
12489,0.07,608670.875,1.3017830644774863e+19,-6.884027481079102,161178.609375,5.607606058680844e+19,0.0,5.599262237548828,1.1056970357894897,0.7716197371482849,0.31612706184387207,5.221296787261963,1.4224807024002075,0.6333735585212708,0.30468353629112244,0.35254234075546265,3.652480363845825,2.5927939414978027,608670.875,0.0,1.5561508468835016e+22,,,1.1290765278766642e+20,0.23214595512861738,0.9999937957412611,-0.1611854934024811
12489,0.075,629447.9999999999,1.383929997114212e+19,0.0,168104.15625,5.862087585124948e+19,0.0,5.266257286071778,1.1307547092437744,0.7256375551223756,0.33792141079902643,6.403004169464108,1.4502872228622437,0.6312876343727112,0.30213984847068787,0.3501567840576172,4.062643527984618,2.495770931243897,629447.9999999999,0.0,1.6280016131085417e+22,,,1.3499312064233787e+20,0.23608142611617325,0.9999940513424912,-0.16810415625
12489,0.08,642779.0625,1.4635042924442683e+19,0.0,177188.21875,6.109757417132658e+19,0.0,5.208409309387207,1.121930718421936,0.7236692905426025,0.3214759826660156,6.208914756774902,1.4681529998779297,0.6243807673454285,0.2945202589035034,0.34306836128234863,4.528564929962158,2.498134851455689,642779.0625,3.1640956174780203e+19,1.6922200164550874e+22,,,1.3929784940256926e+20,0.2395355809611012,0.9999943563157676,-0.17718821875
12489,0.085,648013.0625,1.592611036849819e+19,-5.4881855382284585e-14,175460.56249999994,6.326427618306845e+19,0.0,5.208409309387208,1.1219307184219358,0.7236692905426028,0.3214759826660157,6.208914756774902,1.46815299987793,0.6243807673454285,0.2945202589035034,0.34306836128234874,4.6431264877319345,2.601360082626343,648013.0625,7.64503910407171e+20,1.7496237980254785e+22,,,1.4649067854961941e+20,0.2517393911599123,0.999994300746068,-0.17546056249999994
12489,0.09,658762.8125,1.5565348508796977e+19,-13.770277976989746,160318.03125,6.38462169013247e+19,0.0,5.66172456741333,1.0637565851211548,0.8152569532394409,0.34365347027778625,6.184805393218994,1.5435787439346313,0.6205016374588013,0.291049987077713,0.38875317573547363,4.926366329193115,2.7849910259246826,658762.8125,1.5036553696619969e+21,1.8076572954137647e+22,,,1.5723167569996782e+20,0.24379437442399227,0.9999937624373588,-0.160331801527977
12489,0.095,654374.6875,1.6998526731230904e+19,0.0,141312.953125,6.350015221355197e+19,0.0,6.5572333335876465,0.9299284815788269,1.0859172344207764,0.3012552261352539,4.551279067993164,1.6774120330810547,0.595399796962738,0.3119743764400482,0.3628855347633362,4.839624881744385,2.871541976928711,654374.6875,2.164357360370269e+21,1.8594674936569697e+22,,,2.5046354152030365e+20,0.267692692673627,0.999992923557951,-0.141312953125
12489,0.1,649291.1875,1.8663391844846535e+19,1.0249395370483398,148901.8125,6.587093677754863e+19,0.0,7.496082782745361,0.8682571649551392,1.3777445554733276,0.2363642305135727,2.9629616737365723,1.8636126518249512,0.5708548426628113,0.28244808316230774,0.38334813714027405,4.677350044250488,2.7859530448913574,649291.1875,2.7794502717522533e+21,1.907683819397533e+22,,,2.671956631811942e+20,0.2833327224094943,0.9999864010251726,-0.14890078756046296
12489,0.105,653659.75,1.8794414048458834e+19,2.6423307986078726e-14,150613.203125,6.867471341860998e+19,0.0,7.501746654510498,0.848315417766571,1.4595253467559812,0.22583487629890445,2.7244558334350595,1.8771075010299683,0.5680399537086487,0.2891077995300293,0.381154328584671,4.646954536437988,2.580983638763428,653659.75,3.3520821199474755e+21,1.7896598979928775e+22,,,2.1888755548759995e+20,0.2736729883952568,0.9999933605199294,-0.150613203125
12489,0.11,661647.0625,1.9070250729542255e+19,0.0,149813.75,6.773551938225676e+19,0.0,7.180525302886962,0.8004108667373657,1.5848670005798342,0.21609230339527127,2.6657083034515376,1.9031455516815186,0.5650506019592285,0.30474963784217823,0.3747031092643738,4.224936962127684,2.37949538230896,661647.0625,3.8851822150385764e+21,1.6661155767549803e+22,,,2.087149970527187e+20,0.2815398907908527,0.9999933250898193,-0.14981375
12489,0.115,669542.375,1.9451231508566643e+19,-2.6415801103644103e-14,147795.0625,6.887003506221462e+19,0.0,7.016273498535156,0.7845594882965088,1.6624089479446411,0.20591132342815396,2.560676336288452,1.9136996269226074,0.5646949410438538,0.2625961601734162,0.3746987283229828,3.5925972461700413,2.304481267929077,669542.3750000001,4.3814831160994614e+21,1.5510993843614615e+22,,,2.331948933694305e+20,0.2824338842138693,0.999993233919882,-0.1477950625
12489,0.12,672570.625,1.9279558161052205e+19,0.0,145863.546875,6.885295744761201e+19,0.0,6.896944046020508,0.7802963256835938,1.6955833435058594,0.1975702941417694,2.5029263496398926,1.923404574394226,0.5663591623306274,0.27380356192588806,0.3763745427131653,2.646090269088745,2.3512957096099854,672570.625,4.843520631195306e+21,1.4440232632909795e+22,,,2.0031768370376553e+20,0.2800106034039482,0.9999931443245023,-0.145863546875
12489,0.125,682399.875,1.990502634562886e+19,0.0,145544.546875,6.878290976082965e+19,0.0,6.783177852630615,0.7742630839347839,1.7157115936279297,0.19837471842765808,2.541090965270996,1.931747317314148,0.5680248737335205,0.2844158709049225,0.379097580909729,2.131777763366699,2.4473884105682373,682399.875,5.273664498155043e+21,1.3443389002889006e+22,,,3.040707323098248e+20,0.28938912899791763,0.9999931292985497,-0.145544546875
12489,0.13,697681.5,2.0399091895570006e+19,-13.770277976989746,146834.15625,6.8595042806061335e+19,0.0,6.622652053833008,0.7781345844268799,1.6346198320388794,0.19674910604953766,2.6554739475250244,1.935569405555725,0.5719009041786194,0.2911211848258972,0.382803350687027,2.127753496170044,2.5173163414001465,697681.5,5.674115569821573e+21,1.251536037517444e+22,,,2.5982443167546763e+20,0.29738434529801705,0.9999931896418709,-0.14684792652797699
12489,0.135,717503.5,2.0640753556238893e+19,0.0,147426.765625,6.951682937432362e+19,0.0,6.561451435089111,0.7816910743713379,1.5996885299682617,0.1946074515581131,2.7014036178588867,1.93221116065979,0.5737166404724121,0.2901003062725067,0.3860970735549927,2.1917314529418945,2.5284061431884766,717503.5,6.046920169275582e+21,1.1651396578059124e+22,,,2.990582962933056e+20,0.29691736147941544,0.9999932170171897,-0.147426765625
12489,0.14,729338.8124999999,2.0817728748822467e+19,9.810136795043674,146524.20312499997,7.0213255641310446e+19,0.0,6.56145143508911,0.7816910743713381,1.5996885299682608,0.1946074515581131,2.7014036178588876,1.93221116065979,0.5737166404724121,0.2901003062725067,0.38609707355499273,2.2720918655395512,2.483021259307861,729338.8125,6.393990074558889e+21,1.0847073950809077e+22,,,3.478990601959527e+20,0.29649285677865955,0.999926228301657,-0.14651439298820493
12489,0.145,738480.4375,2.166002722346631e+19,0.0,142389.015625,7.074206795771255e+19,0.0,6.412193775177002,0.820317804813385,1.4447482824325562,0.1949906349182129,2.854219436645508,1.918708324432373,0.5775184631347656,0.2885277569293976,0.3934926390647888,2.3360817432403564,2.402209520339966,738480.4374999999,6.717101955724485e+21,1.0098270573865363e+22,,,4.050384100994717e+20,0.30618312199205167,0.9999929770356748,-0.142389015625
12489,0.15,748855.8125,2.1998916498356175e+19,-6.884027481079102,150513.65625,7.112134669273714e+19,0.0,6.333357334136963,0.8315085172653198,1.3948729038238525,0.19391047954559326,2.912447452545166,1.9166518449783325,0.5777197480201721,0.3381631672382355,0.3945564925670624,2.334007740020752,2.2790160179138184,748855.8125,7.006284280247439e+21,9.428101735265365e+21,,,4.735325661166148e+20,0.3093152410822205,0.9999933561287325,-0.15052054027748107
12489,0.155,754167.875,2.1377129478709314e+19,0.0,153579.484375,7.206931483188003e+19,2422244608.0,6.333357334136963,0.8315085172653198,1.3948729038238525,0.19391047954559326,2.912447452545166,1.9166518449783325,0.5777197480201721,0.3381631672382355,0.3945564925670624,2.2729828357696533,2.1335673332214355,754167.875,7.287128753010263e+21,8.777255590866616e+21,,,4.562607689644397e+20,0.2966190191841964,0.9999934887560482,-0.153579484375
12489,0.16,753212.5,2.162865375867935e+19,6.881737232208252,154798.3125,7.278478903830643e+19,0.0,6.412551403045654,0.8981661200523376,1.2073755264282227,0.21160739660263062,3.2250406742095947,1.890572428703308,0.5825024247169495,0.3276946544647217,0.4083946943283081,2.1848504543304443,1.9646230936050415,753212.5,7.558659781743685e+21,8.147994073581947e+21,,,4.5255096395576535e+20,0.29715898121647716,0.9999490864220838,-0.1547914307627678
12489,0.165,759746.0,2.243157432388603e+19,0.0,152955.03125,7.169513343276181e+19,2422244608.0,6.315855026245117,0.9168638586997986,1.1629642248153687,0.21202875673770905,3.273404598236084,1.8825544118881226,0.5801263451576233,0.3208405077457428,0.40808337926864624,2.131182909011841,1.8007365465164185,759746.0,7.80137171351161e+21,7.58551868697137e+21,,,3.198929685163121e+20,0.31287443442619634,0.9999934621734636,-0.15295503125
12489,0.17,758330.6875,2.265645963613831e+19,-2.0508923530578613,159144.4375,7.266702694492511e+19,0.0,6.315855026245117,0.9168638586997986,1.1629642248153687,0.21202875673770905,3.273404598236084,1.8825544118881226,0.5801263451576233,0.3208405077457428,0.40808337926864624,2.0987298488616943,1.6696828603744507,758330.6875,8.027328565815856e+21,7.06187164749812e+21,,,3.7139282652394475e+20,0.3117845959668863,0.9999937164394047,-0.15914648839235307
12489,0.17500000000000002,762638.0625,2.317388321109993e+19,3.953338384628296,163810.984375,7.3651441695505514e+19,4844973568.0,6.224814414978027,0.9591694474220276,1.0888932943344116,0.22081851959228516,3.4444806575775146,1.8794223070144653,0.577509343624115,0.3631230294704437,0.4073794484138489,2.0420186519622803,1.575181484222412,762638.0625,8.229560455283115e+21,6.59321130767525e+21,,,5.0457264138584746e+20,0.3146426285436051,0.9999697627809981,-0.16380703103661537
12489,0.18,766915.6875,2.3850425909810033e+19,-15.517854690551054,170055.3437500001,7.382365600274081e+19,0.0,6.236364364624023,0.9715551733970641,1.0768872499465942,0.22268128395080566,3.5089137554168697,1.891511082649231,0.5766558051109314,0.36166656017303467,0.4084283411502838,1.985358238220215,1.5123856067657475,766915.6875,8.425955679633301e+21,6.13806627033412e+21,,,5.739265275349812e+20,0.32307294438146694,0.9999941195960236,-0.17007086160469065
12489,0.185,758214.3125,2.4120622096242962e+19,-3774.3447265621908,170499.4375,7.476368566793116e+19,0.0,6.236364364624023,0.9715551733970642,1.0768872499465942,0.22268128395080566,3.50891375541687,1.891511082649231,0.5766558051109314,0.36166656017303467,0.4084283411502838,1.837396979331971,1.458431124687195,758214.3125,8.608795632055056e+21,5.714341158743293e+21,,,5.9005638070664115e+20,0.32262483959627963,0.9999941349124104,-0.17427378222656217
12489,0.19,754371.4375,2.4051473809972134e+19,-977.97204589836,173442.79687499997,7.365945053820223e+19,0.0,6.140758991241454,0.9838262796401978,1.056240439414978,0.20805630087852478,3.1569607257843018,1.8869894742965698,0.5736735463142395,0.36367198824882513,0.4022752344608307,1.720542907714843,1.4108659029006956,754371.4375,8.785573739378366e+21,5.304666152089963e+21,,,6.184872181261381e+20,0.3265225797129486,0.9999942344435603,-0.17442076892089833
12489,0.195,754360.0000000001,2.4506792570150453e+19,4603.770996093595,170990.6718749999,7.350502632910437e+19,0.0,6.028116703033446,0.9778869748115542,1.0628381967544556,0.2074315398931504,3.1775374412536626,1.8888493776321416,0.5708487033843994,0.369280517101288,0.40012967586517334,1.5935837030410764,1.377073049545288,754360.0000000001,8.943587035904287e+21,4.938472836888933e+21,,,4.346637569513845e+20,0.333402949349696,0.9737762499937198,-0.1663869008789063
12489,0.2,755851.9374999999,2.4719444716032102e+19,37996.152343755224,176331.0312499999,7.406150235806132e+19,0.0,5.940220355987549,1.0196119546890259,1.0459803342819212,0.22023023664951324,3.284489870071411,1.9540157318115234,0.5723208785057068,0.4016430079936981,0.3985063135623932,1.5336312055587764,1.3574707508087158,755851.9374999997,9.090694302982581e+21,4.5975585078713034e+21,,,4.066039035511922e+20,0.3337691503545564,0.8227150918435613,-0.1383348789062447
12489,0.20500000000000002,754010.8125,2.455526563977258e+19,779175.9375000063,173417.34375000003,7.405691079750373e+19,126602461184.0,5.880433559417724,1.0330332517623901,1.0240997076034546,0.22036930918693548,3.2835674285888685,1.9487779140472412,0.571003794670105,0.40209004282951355,0.397946834564209,1.4539864063262937,1.359244704246521,754010.8125000001,9.22235366038904e+21,4.292441884916759e+21,,,3.840402009149963e+20,0.3315729129846485,0.18204743316581704,0.6057585937500063
12489,0.21,752656.125,2.493024528433257e+19,1181681.125,177547.078125,7.408968504010447e+19,2787139387392.0,5.791999816894531,1.0423476696014404,1.005683183670044,0.23121744394302368,3.4990041255950928,1.9414215087890625,0.57144695520401,0.4026641249656677,0.3994627296924591,1.3970565795898438,1.3488119840621948,752656.125,9.350215357409712e+21,3.9961241697342036e+21,,,4.194589712906841e+20,0.3364873972785539,0.13062335455771698,1.004134046875
12489,0.215,757804.1875,2.5628272440249418e+19,978380.0625,175725.984375,7.414806470949287e+19,5041289691136.0,5.693686485290527,1.0493652820587158,0.9858393669128418,0.2365618497133255,3.6401548385620117,1.9333354234695435,0.5719150304794312,0.40384599566459656,0.3991124629974365,1.3575338125228882,1.3395907878875732,757804.1875,9.469249436210789e+21,3.7202623670091115e+21,,,3.826030248682838e+20,0.34563643084494877,0.15226142570640822,0.802654078125
12489,0.22,759254.9375,2.543976337069048e+19,974567.875,183848.75,7.429440530910334e+19,3939521003520.0,5.601188659667969,1.0563362836837769,0.9761921763420105,0.2458324283361435,3.8695380687713623,1.9287538528442383,0.5725470185279846,0.4049098491668701,0.4005297124385834,1.3212316036224365,1.3163832426071167,759254.9375,9.584335546988521e+21,3.4535479380771623e+21,,,4.9180103097695024e+20,0.3424182919945027,0.1587067962644301,0.790719125
12489,0.225,758327.0,2.5956738344907964e+19,1046668.0625,182422.5,7.463670526906257e+19,3776767328256.0,5.584507465362549,1.0632519721984863,0.9554529190063477,0.2463863044977188,3.8735883235931396,1.9212783575057983,0.5722652673721313,0.4043909013271332,0.39939868450164795,1.2896727323532104,1.2842453718185425,758327.0,9.687211273276545e+21,3.215141166078027e+21,,,3.8548543418291716e+20,0.3477744395513559,0.14842059417359316,0.8642455625
12489,0.23,756942.1875,2.6540088637071032e+19,1097683.375,190503.71875,7.448027555075562e+19,5004901482496.0,5.5140299797058105,1.0713802576065063,0.9401507377624512,0.2588938772678375,4.132664680480957,1.9140188694000244,0.5731697082519531,0.40541377663612366,0.4011387526988983,1.2437338829040527,1.2487823963165283,756942.1875,9.782984822952206e+21,2.9931925174421406e+21,,,3.958323839580567e+20,0.3563371435029791,0.14788501747088129,0.90717965625
12489,0.23500000000000001,762653.75,2.653693083967606e+19,1175032.875,185205.8125,7.446085377736258e+19,5938961448960.0,5.424957275390625,1.0675745010375977,0.9379072189331055,0.2608778774738312,4.256070137023926,1.9145244359970093,0.5721958875656128,0.4065277874469757,0.399835467338562,1.2046200037002563,1.1810063123703003,762653.75,9.87214596247498e+21,2.7865653962135453e+21,,,4.4168912607947784e+20,0.3563876788066558,0.13615674810988046,0.9898270625
12489,0.24,758287.0625,2.6425451355735855e+19,1204621.875,187956.04687499988,7.517707565169587e+19,7214266318848.008,5.347550392150879,1.0860240459442139,0.9101838469505311,0.2680928707122802,4.3880929946899405,1.9020602703094482,0.5738623142242432,0.4092354476451874,0.4009658992290497,1.1654827594757082,1.1303893327713015,758287.0625000005,9.951944118372451e+21,2.6016352106147375e+21,,,3.884005297792211e+20,0.3515094345804038,0.13496976287845258,1.016665828125
12489,0.245,765213.7499999999,2.67032209782609e+19,1252148.3749999995,191726.28125000003,7.458835314571949e+19,8155487010816.002,5.199110031127931,1.0716787576675415,0.9306935667991637,0.2805366218090057,4.682632923126219,1.9117913246154785,0.5703452825546265,0.4095885157585144,0.4022437334060669,1.1405748128890993,1.114698052406311,765213.7499999999,1.0029440934860336e+22,2.42203869434962e+21,,,5.0457264138584746e+20,0.3580079174840095,0.13278586727332678,1.0604220937499995
12489,0.25,759527.9375,2.728317377949414e+19,1304721.125,186673.703125,7.523518264220058e+19,11529120382976.0,5.193759441375732,1.0879780054092407,0.9034769535064697,0.2855302691459656,4.756267547607422,1.8999905586242676,0.5717645287513733,0.41089147329330444,0.4014352560043335,1.4438252449035645,1.204639196395874,759527.9375,1.0104366195960992e+22,2.2483972034292812e+21,,,4.7750094107577e+20,0.36263849998538566,0.12516710829189345,1.118047421875
12489,0.255,758600.4375,2.7354477108555416e+19,1333790.5,200748.8125,7.523518264220058e+19,13842168938496.0,5.208391189575195,1.0814341306686401,0.9137865900993347,0.29074203968048096,4.770823001861572,1.9019123315811157,0.568882167339325,0.4102398157119751,0.39734506607055664,1.4438252449035645,1.204639196395874,758600.4375,1.0171339226019619e+22,2.0931844421841427e+21,,,5.739303626315389e+20,0.36358623914886157,0.13082016214546335,1.1330416875
12489,0.26,765588.6875,2.7899502823420723e+19,1369284.125,214172.21875,7.53702554466496e+19,11786672668672.0,5.371786117553711,1.0170501470565796,1.005325436592102,0.264545202255249,4.220085620880127,1.9404428005218506,0.5587056279182434,0.3938256502151489,0.3885033130645752,1.7467913627624512,1.2228469848632812,765588.6875,1.0233691562860563e+22,1.948687151827402e+21,,,1.0857085874993187e+21,0.3701659581500188,0.13525607089786817,1.15511190625
12489,0.265,761317.875,2.8485170886095143e+19,1385678.0,192662.515625,7.774291357845999e+19,16388163895296.0,5.424848556518555,1.040522813796997,1.0126762390136719,0.2553558945655823,3.9174652099609375,1.9463824033737183,0.5545857548713684,0.39144015312194824,0.38402438163757324,1.9541467428207397,1.1956242322921753,761317.875,1.029174296205737e+22,1.814164490220357e+21,,,6.396326739078053e+20,0.3664021526199585,0.1220664309452118,1.193015484375
12489,0.27,759176.625,2.8315714154022306e+19,1420035.375,209282.65625,7.775421655799353e+19,19320922963968.0,5.389292240142822,1.053443193435669,0.9941089153289795,0.2616763114929199,3.9997923374176025,1.93988835811615,0.5551096796989441,0.39399147033691406,0.38516220450401306,1.9259397983551025,1.0973955392837524,759176.625,1.0343695361458808e+22,1.693768354006978e+21,,,6.427417057630628e+20,0.36416949983545693,0.1284479296172218,1.21075271875
12489,0.275,766911.125,2.9666283868838167e+19,1450204.625,209987.53125,7.73585243133895e+19,15552583041024.0,5.389292240142822,1.053443193435669,0.9941089153289795,0.2616763114929199,3.9997923374176025,1.93988835811615,0.5551096796989441,0.39399147033691406,0.38516220450401306,1.618651032447815,1.0306657552719116,766911.125,1.039415256578396e+22,1.5768429449939297e+21,,,5.6611225441591204e+20,0.38349081930074275,0.1264837952496529,1.24021709375
12489,0.28,761793.5,2.8384127966525784e+19,1451717.0,206714.390625,7.731264389218566e+19,19133609541632.0,5.337912559509277,1.036475419998169,1.003356695175171,0.2838735580444336,4.397873878479004,1.9370386600494385,0.5560562610626221,0.39770111441612244,0.38771143555641174,1.2830939292907715,0.983327329158783,761793.5,1.0441121732197714e+22,1.467989816100478e+21,,,5.819075745777514e+20,0.3671343591108866,0.12464444845237087,1.245002609375
12489,0.28500000000000003,763651.9375,2.848000098242134e+19,1467220.5,189470.125,7.696110803455312e+19,19630458404864.0,5.399909496307373,1.0577218532562256,0.9824734926223755,0.2813810408115387,4.291998863220215,1.930776596069336,0.5554922819137573,0.397718608379364,0.38651078939437866,0.9918856620788574,0.8991508483886719,763651.9375,1.0486536030840118e+22,1.3627461815708754e+21,,,5.223913092333993e+20,0.3700570549170721,0.11436656173112482,1.277750375
12489,0.29,755206.5625,2.81679947668306e+19,1482586.499999999,216551.73437499919,7.696110803455312e+19,27375825846271.973,5.410544395446777,1.0625219345092773,0.9735187292099,0.2981808483600615,4.552291870117185,1.9254558086395264,0.5563350915908813,0.4015356302261352,0.39082673192024225,0.9918856620788574,0.8991508483886719,755206.5625000007,1.05271258483817e+22,1.268672459279574e+21,,,4.261200766145418e+20,0.3660029784678263,0.12744790420583418,1.266034765625
12489,0.295,769789.5624999995,2.920731473005563e+19,1500344.7499999993,210638.42187500006,7.668608939012076e+19,20854601678848.0,5.354383945465089,1.0331984758377077,1.0056143999099727,0.3052749931812286,4.784638881683347,1.9354424476623535,0.555161714553833,0.40090110898017883,0.3901166617870331,0.9153519868850717,0.8298841714859017,769789.5625000001,1.0564914426955059e+22,1.1810932091259134e+21,,,1.1575872338208028e+21,0.38086848556680114,0.12310950933238021,1.2897063281249992
12489,0.3,764116.2499999999,3.08499257283251e+19,1500127.2499999998,216965.3906249999,7.791966227164824e+19,26958373060607.91,5.301480770111085,1.037384271621704,0.9874448180198672,0.3250942826271055,5.147862911224361,1.929709553718567,0.557094931602478,0.4093290865421294,0.39598762989044184,0.8209301233291637,0.7742472290992743,764116.2500000005,1.0600094295444263e+22,1.0995596192595327e+21,,,1.2285712822975563e+21,0.39591965402486246,0.12635617854016823,1.2831618593749998
12489,0.305,765816.0624999998,2.820481961026808e+19,1501898.125,212454.0625000002,7.74734276765386e+19,26276647665663.91,5.301480770111084,1.037384271621704,0.9874448180198669,0.3250942826271057,5.147862911224365,1.929709553718567,0.557094931602478,0.4093290865421295,0.3959876298904419,0.7191244959831249,0.7087405920028694,765816.0625000001,1.0631581212239026e+22,1.0265875130222683e+21,,,5.5845279253403376e+20,0.3640579803442644,0.12392665878249792,1.2894440624999999
12489,0.31,762385.8124999997,2.844254062126301e+19,1518947.3749999988,218600.48437500026,7.705165501612373e+19,22870082191359.918,5.420268535614013,1.0534379482269285,0.9718757271766665,0.3142150342464448,4.894523143768313,1.9229724407196045,0.5573784708976746,0.4009326398372651,0.3932705223560334,0.6357510685920724,0.6993108391761781,762385.8125000006,1.06621651573085e+22,9.557193618671754e+20,,,6.214432683315534e+20,0.3691360116185845,0.12580969058540975,1.3003468906249986
12489,0.315,767712.3124999997,3.0494044600739557e+19,1542393.9999999984,208731.73437499983,7.760123490815123e+19,28814558101503.695,5.332021713256837,1.0403785705566408,0.9856491088867186,0.33818042278289767,5.352386951446528,1.926118016242981,0.5567764043807983,0.4079913198947906,0.3976243138313293,0.7480122447013843,0.6400346755981452,767712.3125000002,9.897770318454843e+21,8.872015971363636e+20,,,1.1136280200705045e+21,0.39295823883256864,0.1191985310243688,1.3336622656249986
12489,0.32,761842.4374999999,2.8233448694032093e+19,1522649.6249999993,219546.89062500006,7.760123490815127e+19,32004080926719.984,5.378745079040527,1.0527794361114504,0.979572296142578,0.33271011710166937,5.178884983062744,1.9246245622634888,0.5555108785629272,0.4015967547893524,0.39840272068977356,0.7480122447013863,0.6400346755981442,761842.4374999998,9.21450557508842e+21,8.259560902725893e+20,,,7.969417904107406e+20,0.3638273118649358,0.12601722173059085,1.3031027343749992
12489,0.325,761080.4374999999,2.75829864111328e+19,1527789.25,267436.4687500002,7.743919328249615e+19,31564656279552.07,5.359176635742187,1.0651817321777344,0.9686467051506044,0.3381863236427306,5.196839809417724,1.92139732837677,0.5545677542686462,0.3991163372993469,0.3985134959220886,0.8211647868156434,0.6148022413253785,761080.4375000002,8.578405341769587e+21,7.689383375590092e+20,,,4.312161458835161e+20,0.356188968943811,0.14897086031351722,1.2603527812499997
12489,0.33,765237.9999999999,2.7351585392974365e+19,1536617.8749999981,244118.0156249999,7.721379339880215e+19,27403887837184.17,5.289763450622559,1.0556372404098513,0.979274272918701,0.32636213302612305,5.117077827453612,1.9294950962066648,0.553316056728363,0.39861810207366943,0.39912980794906616,0.8344849348068236,0.6261389255523685,765237.9999999995,7.986217456617405e+21,7.158567309197485e+20,,,7.515844200823762e+20,0.354231856628335,0.13708820034571195,1.2924998593749981
12489,0.335,761692.8125,2.73154224555368e+19,1539050.3750000007,210670.95312499956,7.841228746135695e+19,30766717206528.26,5.329085350036621,1.070137619972229,0.954388439655304,0.3259424567222595,5.020263195037842,1.9194124937057495,0.554116427898407,0.39685526490211487,0.3987569510936737,0.8275879621505736,0.6590440273284913,761692.8125,7.456215838069911e+21,6.68349032506801e+20,,,5.846050548326859e+20,0.3483564035674684,0.12040250600834147,1.3283794218750011
12489,0.34,755415.9999999998,2.671965427904953e+19,1565081.9999999974,256012.59375000268,7.758389780880451e+19,35856609968127.96,,,,,,,,,,0.8215901851654047,0.671269178390503,755416.0000000001,6.941492681258298e+21,6.222111320680181e+20,,,5.0457264138584746e+20,0.344396904946651,0.14058163373116594,1.3090694062499948
12489,0.34500000000000003,768552.5624999998,2.3855019669390864e+19,1543915.999999999,340312.56250000466,,28785053270015.996,,,,,,,,,,,,768552.5625,6.44384154473416e+21,5.776033296026362e+20,,,5.06750096621309e+20,,0.180610987786688,1.2036034374999944
12489,0.35000000000000003,971563.8124999845,7.519946500697168e+18,1533277.374999999,1390611.9999999993,,5051735605248.0,,,,,,,,,,,,971563.8124999715,5.99900693578994e+21,5.3773000661426976e+20,,,2.1826873275130157e+20,,0.47560333037451863,0.14266537499999976
12489,0.355,5821.24951171875,3.063681948414116e+18,1557310.125,116350.5234375,,160914194432.0,,,,,,,,,,,,5821.24951171875,5.5848806838549e+21,5.006092274231568e+20,,,2.1642834380045104e+20,,0.06951854548744828,1.4409596015625
12489,0.36,-27988.21484375,0.0,1552031.875,-5760.85498046875,,151100981248.0,,,,,,,,,,,,-27988.21484375,5.199343845304361e+21,4.660510667887618e+20,,,2.4820125676373593e+20,,0.0,1.5577927299804688
12489,0.365,-8964.59765625,0.0,1545689.75,2232.215087890625,,146197331968.0,,,,,,,,,,,,-8964.59765625,4.840421591701722e+21,4.3387851213510594e+20,,,0.0,,0.001442071174235651,1.5434575349121094
12489,0.37,3093.79150390625,0.0,1543002.75,4497.2685546875,,170735321088.0,,,,,,,,,,,,3093.79150390625,4.5191863042058486e+21,4.05084079414443e+20,,,0.0,,0.0029061490110602922,1.5385054814453125
12489,0.375,-8380.1611328125,0.0,1578906.0,7052.58203125,,158460149760.0,,,,,,,,,,,,-8380.1611328125,4.195195376687978e+21,3.760426875860885e+20,,,0.0,,0.004446886358993627,1.57185341796875
12489,0.38,-2204.060302734375,0.0,1601352.75,1854.401123046875,,153553534976.0,,,,,,,,,,,,-2204.060302734375,3.905590839699965e+21,3.50083552305832e+20,,,0.0,,0.0011566814463535927,1.5994983488769532
12489,0.385,2877.17041015625,0.0,1554251.375,8112.53759765625,,153553534976.0,,,,,,,,,,,,2877.17041015625,3.6359777814578494e+21,3.2591649783354805e+20,,,0.0,,0.005192472982619656,1.5461388374023437
12489,0.39,-3587.689697265625,0.0,1568816.375,7249.81884765625,,200246198272.0,,,,,,,,,,,,-3587.689697265625,3.384978100475656e+21,3.03417675179484e+20,,,0.0,,0.004599942740992693,1.5615665561523437
12489,0.395,4848.2041015625,0.0,1578906.0,11051.541015625,,187941339136.0,,,,,,,,,,,,4848.2041015625,3.1513051746348407e+21,2.8247208422346745e+20,,,0.0,,0.006950835968694855,1.567854458984375
12489,0.4,1947.80615234375,0.0,1577400.875,12130.9814453125,,183022845952.0,,,,,,,,,,,,1947.80615234375,2.9421692669388233e+21,2.6372588595890985e+20,,,,,0.007631790306267169,1.5652698935546876
12489,0.405,1215.240234375,0.0,1556969.0,4591.6513671875,,192861798400.0,,,,,,,,,,,,1215.240234375,2.739063679143855e+21,2.4552017242619485e+20,,,,,0.0029404227256524845,1.5523773486328125
12489,0.41000000000000003,-1693.581787109375,0.0,1591627.875,8579.06640625,,195322773504.0,,,,,,,,,,,,-1693.581787109375,2.542694631966503e+21,2.2791829308726837e+20,,,,,0.005361219741673563,1.58304880859375
12489,0.41500000000000004,239.5500030517578,0.0,1564625.5,11760.59765625,,207635087360.0,,,,,,,,,,,,239.5500030517578,2.3671662735397843e+21,2.1218456316877052e+20,,,,,0.0074604757129359215,1.55286490234375
12489,0.42,3353.2663574217468,0.0,1567063.8750000019,9029.96777343739,,173191823360.0,,,,,,,,,,,,3353.266357421691,2.2037554128604666e+21,1.9753693963228345e+20,,,,,0.005729330195350072,1.5580339072265643
12489,0.425,6348.574707031012,0.0,1554523.3749999998,10114.393554687542,,180564344832.0,,,,,,,,,,,,,,,,,,,0.006464363377644393,1.5444089814453124
16727,0.0,-9340.7490234375,0.0,45.989933013916016,10826.9482421875,,0.0,,,,,,,,,,,,-9340.7490234375,0.0,6.354048775363647e+21,1.4178926743456317e+18,2.756670924099525e+19,0.0,,0.9956786646882838,-0.010780958309173585
16727,0.005,206707.609375,3.335421849172464e+18,195.47184753417676,306026.56250000064,,2422205440.0,,,,,,,,,,,,206707.60937499985,0.0,8.506295956335916e+21,2.1700771001223073e+18,6.650685911868203e+19,0.0,,0.9993584027800103,-0.30583109065246644
16727,0.01,158019.49999999994,9.994040627483904e+18,285.0151062011705,252211.37499999977,4.097223208377044e+19,0.0,13.034499168395996,0.8349878191947935,3.585693597793583,-0.008980760350823139,-0.00955603737384058,1.4121309518814087,0.35887846350669855,0.11162307113409045,0.19608759880065912,3.826669931411743,3.1971142292022705,158019.49999999994,0.0,7.267275197002954e+21,2.871516727814914e+18,1.0702057726148398e+20,0.0,0.2439222888089286,0.9988672551978424,-0.2519263598937986
16727,0.015,137014.203125,1.1970604093434495e+19,104.45410919189453,98331.421875,4.097223208377044e+19,0.0,12.466744422912598,0.6359860301017761,7.49838399887085,0.24467048048973083,0.2110438495874405,1.3743016719818115,0.2977084815502167,0.13355888426303864,0.13355888426303864,3.826669931411743,3.1971142292022705,137014.203125,0.0,5.120992470787183e+21,3.335177207835263e+18,1.3748724402269192e+20,1.0801855558750464e+20,0.2921638261972109,0.9989287133694813,-0.09822696776580811
16727,0.02,138324.3125,1.1419294669616447e+19,-118.20156097411703,78825.15625000001,4.062562643627685e+19,0.0,14.458786010742191,0.6279445290565491,8.212523460388184,0.2027013599872589,0.169805645942688,1.3994548320770264,0.3341993093490601,0.13702119886875153,0.22772306203842163,2.94321870803833,3.0532567501068115,138324.3125,0.0,4.189130153889819e+21,2.8443689610914043e+18,1.6048698658218462e+20,5.090359285188972e+19,0.2810859959914251,0.9999873138556087,-0.07894335781097414
16727,0.025,146731.40625,1.064031047254645e+19,-39.54238891601462,74021.328125,4.0625626436276806e+19,0.0,16.132469177246094,0.6082932353019715,8.506256103515621,0.19901937246322624,0.1679030060768127,1.4095951318740845,0.3716928958892823,0.14100137352943423,0.22255390882492065,2.9432187080383296,3.0532567501068115,146731.40624999997,0.0,3.658368271430252e+21,2.618914101815935e+18,1.7999443392125626e+20,4.855427515291376e+19,0.26191129604453667,0.9999864905627082,-0.07406087051391602
16727,0.03,154480.34375,9.617531562249683e+18,165.29852294921875,75270.46875,3.4503068504773624e+19,0.0,17.029861450195312,0.6569840908050537,6.508362293243408,0.14476096630096436,0.13261188566684723,1.4063594341278076,0.4149073660373688,0.15754759311676025,0.2306060642004013,2.492802619934082,2.9583933353424072,154480.34375,0.0,3.378867841681221e+21,2.398438106068943e+18,1.9743353276271375e+20,1.1667493146814788e+20,0.2787442386731216,0.9977955242654089,-0.07510517022705078
16727,0.035,169256.546875,9.428081310737367e+18,285.45440673828125,77665.234375,2.9851311884583567e+19,0.0,17.029861450195312,0.6569840908050537,6.508362293243408,0.14476096630096436,0.13261188566684723,1.4063594341278076,0.4149073660373688,0.15754759311676025,0.2306060642004013,1.9387786388397217,2.7995636463165283,169256.546875,0.0,4.458740678857142e+21,2.1750488168252047e+18,2.1638429296659582e+20,1.67942080038785e+20,0.3158347394308795,0.9963252315477046,-0.07737977996826172
16727,0.04,181551.26562499997,9.602235156484063e+18,-118.64115142822183,80889.63281250001,2.9568207431640547e+19,0.0,17.443288803100586,0.6183304190635681,7.138530254364013,0.13401946425437927,0.14734271168708798,1.4665759801864624,0.4470964968204498,0.15107379853725433,0.2866709232330321,1.807745933532715,2.5372381210327153,181551.26562499997,0.0,6.571886763439638e+21,1.9951614302565176e+18,2.4372803884166395e+20,6.328509653525201e+19,0.32474864019686356,0.9999876376291639,-0.08100827396392823
16727,0.045,192422.671875,9.621055497016703e+18,-105.83948516845214,89728.6171875,2.9568207431640547e+19,0.0,17.497472763061523,0.6118624210357666,7.137223243713378,0.10974879562854774,0.12455175071954738,1.4884464740753174,0.45328390598297125,0.16317856311798104,0.2300516664981843,1.8077459335327148,2.5372381210327144,192422.67187499994,0.0,9.082965000122079e+21,1.915579190954951e+18,2.8279604432947488e+20,6.435890597921712e+19,0.325385146166194,0.9999888554077088,-0.08983445667266846
16727,0.05,202676.43750000006,9.787666692996854e+18,28.250165939330486,95086.5703125,2.9600884917218046e+19,0.0,17.434011459350586,0.6162933707237246,6.7112870216369584,0.13309352099895472,0.16506356000900266,1.4940545558929443,0.468734622001648,0.19096292555332178,0.25563171505928034,1.8195307254791258,2.4491786956787105,202676.43750000017,1.2800000348882207e+18,1.1094928430401505e+22,1.927623241325609e+18,3.336646243330902e+20,5.111282111856247e+19,0.3306545301050655,0.9996924784353202,-0.09505832014656067
16727,0.055,212577.84375,9.783454463950848e+18,156.53247070312318,104404.40625,2.8019765206243607e+19,0.0,17.2066707611084,0.6817054748535156,5.0398616790771475,0.1089723333716393,0.15258842706680306,1.4922633171081543,0.49758380651474,0.17534878849983218,0.23626817762851718,1.7149122953414917,2.3597002029418945,212577.84374999997,3.8261600790158456e+20,1.1253081338515875e+22,1.9781748002410988e+18,3.910071288010501e+20,5.174847517885884e+19,0.3491626140311416,0.9984934052234445,-0.10424787377929688
16727,0.06,225280.953125,9.761396061674406e+18,285.0151062011719,110208.3515625,2.8019765206243607e+19,0.0,16.566394805908203,0.7059013247489929,4.434543609619141,0.13858932256698608,0.21326570212841034,1.4858132600784302,0.5057167410850525,0.18896673619747162,0.24890641868114471,1.7149122953414917,2.3597002029418945,225280.953125,1.2471952148691052e+21,1.094924036015579e+22,2.021354546009211e+18,4.5037551422951286e+20,2.886942381172379e+19,0.3483753696658132,0.9974114960352799,-0.10992333645629883
16727,0.065,244858.5625,1.021811669917814e+19,118.04513549804688,112071.3828125,2.8464326344655766e+19,0.0,15.909337997436523,0.7366966009140015,3.8731143474578857,0.11966254562139511,0.20925189554691315,1.5005056858062744,0.518682062625885,0.20918889343738556,0.26763027906417847,1.696001648902893,2.3692069053649902,244858.5625,2.364375730620675e+21,1.0765005980699411e+22,2.0314795362725396e+18,5.136259673523969e+20,1.7058169739479613e+19,0.3589797480345644,0.9989389011373303,-0.11195333767700195
16727,0.07,265255.15625,1.0810160829782032e+19,-132.33425903320312,116551.375,2.9178624073640444e+19,0.0,15.909337997436523,0.7366966009140015,3.8731143474578857,0.11966254562139511,0.20925189554691315,1.5005056858062744,0.518682062625885,0.20918889343738556,0.26763027906417847,1.8471099138259888,2.389774799346924,265255.15625,3.356448641261194e+21,1.0660162181374226e+22,2.0238924937240248e+18,5.7879942233179606e+20,2.2459880151231496e+19,0.370482199657515,0.9999914201662558,-0.11668370925903321
16727,0.075,291240.40625,1.1160625763089123e+19,-78.81192016601125,123373.58593750003,3.1690264873248227e+19,0.0,14.356813430786136,0.7090943455696107,3.6658890247344975,0.10271681100130087,0.24318064749240864,1.5857874155044553,0.517467737197876,0.20783285796642303,0.2664113938808441,1.9665908813476558,2.442178964614868,291240.40624999994,4.32893708597213e+21,1.05934852629911e+22,2.0122272251091354e+18,6.540680477196663e+20,1.6699711356638593e+19,0.35217836795395546,0.9999918946029898,-0.12345239785766604
16727,0.08,315648.75000000006,1.1556710533344264e+19,78.54697418212635,129887.36718750001,3.5220475652641686e+19,0.0,13.539977073669434,0.712764322757721,3.3511228561401367,0.0864337682723999,0.23675702512264252,1.605916142463684,0.5228548645973206,0.21669575572013855,0.2746707499027252,2.1428003311157227,2.49503231048584,315648.74999999994,4.9964955256381e+21,1.0553652050186914e+22,2.0136928741089608e+18,7.303784471807154e+20,1.9505995983722906e+19,0.3281247717186199,0.9993879444265087,-0.12980882021331788
16727,0.085,338498.53125000006,1.1724708213487043e+19,193.13681030272994,134562.29687500003,3.7506386715067064e+19,0.0,13.539977073669432,0.712764322757721,3.3511228561401363,0.08643376827239986,0.23675702512264252,1.6059161424636843,0.5228548645973206,0.21669575572013858,0.2746707499027252,2.180401086807251,2.532167911529541,338498.53125000006,5.385495632302097e+21,1.053109914915295e+22,2.0265957804998656e+18,8.059651041078992e+20,2.128520590858073e+19,0.3126056450747625,0.9985593503405106,-0.1343691600646973
16727,0.09,359748.0,1.1703399678140744e+19,288.6731262207031,136897.8125,4.026832913771476e+19,0.0,12.964003562927246,0.7129195928573608,3.126392364501953,0.07111716270446777,0.2394251972436905,1.6789939403533936,0.5307019352912903,0.2272397130727768,0.2843574583530426,2.225736379623413,2.577195405960083,359748.0,5.640608788593936e+21,1.0522412831371659e+22,2.0659386430039e+18,8.894357343952574e+20,2.237857126635746e+19,0.2906353436745778,0.997888487241395,-0.1366091393737793
16727,0.095,380874.3125,1.2400575812057694e+19,117.16639709472656,139146.296875,4.165934768629324e+19,0.0,12.519866943359375,0.7069034576416016,3.079422950744629,0.06843548268079758,0.25104573369026184,1.7075387239456177,0.5286884307861328,0.22561120986938477,0.28294649720191956,2.2486438751220703,2.600446939468384,380874.3125,5.787882125908486e+21,1.0510524454255307e+22,2.1140858448673505e+18,9.70614876897215e+20,2.382337132669698e+19,0.297666106186721,0.9991514964096486,-0.13902913047790527
16727,0.1,402254.125,1.2652799381422998e+19,-118.34813690185547,138864.421875,4.422545829194105e+19,0.0,12.492753982543945,0.7058815956115723,3.000925064086914,0.06588076055049896,0.2605642080307007,1.7541440725326538,0.5339447259902954,0.28925037384033203,0.28925037384033203,2.2041637897491455,2.600844144821167,402254.125,5.876757286854922e+21,1.05010455029396e+22,2.1763028098366833e+18,1.0523330439795735e+21,2.7998645786897285e+19,0.28609764307922714,0.9999927987832644,-0.13898277001190185
16727,0.105,428456.59374999994,1.279216138073198e+19,-26.528409957881593,141241.25,4.585259916160768e+19,0.0,12.180543899536133,0.7124975323677063,2.856127262115479,0.07201112806797026,0.3133652508258818,1.7674437761306763,0.5419185757637024,0.24394898116588606,0.2998844981193542,2.2177422046661377,2.569955348968506,428456.59375,6.252086153900065e+21,1.1379181002182328e+22,2.246041671290585e+18,1.1364965952908491e+21,3.3155564228376003e+19,0.27898443304480847,0.9999929199655202,-0.14126777840995788
16727,0.11,443833.06250000006,1.3299690450555242e+19,104.74702453612953,153749.26562500003,4.708908354992552e+19,0.0,11.64858055114746,0.7108314037322998,2.757819175720215,0.07694651931524277,0.3622024059295655,1.745678186416626,0.5432712435722351,0.30203986167907715,0.30203986167907715,2.2045822143554688,2.5485448837280273,443833.0625,6.764719640484583e+21,1.2404462612050153e+22,2.3384119180179533e+18,1.2288192617520373e+21,3.6160245833087844e+19,0.282436808022701,0.9993126839177023,-0.1536445186004639
16727,0.115,461910.59375000006,1.4018811737050974e+19,207.93333435058176,161233.03125000003,4.842089559637153e+19,0.0,11.267919540405273,0.7020276784896851,2.7298090457916255,0.07473398745059963,0.3798962831497191,1.7504541873931885,0.5440762639045715,0.3023650050163268,0.30236500501632696,2.1879634857177734,2.557520627975464,461910.59375,7.074739557533424e+21,1.3020672134664757e+22,2.4424628265230013e+18,1.3271657741898115e+21,3.865552150162781e+19,0.2895198769950362,0.9987058300802489,-0.16102509791564945
16727,0.12,480761.84375,1.403170680942153e+19,272.7928161621094,170854.765625,5.028571129754472e+19,0.0,11.09005069732666,0.7134642601013184,2.5682950019836426,0.06159748509526253,0.33480513095855713,1.761447787284851,0.5520915389060974,0.25817427039146423,0.3130791187286377,2.2164971828460693,2.6313090324401855,480761.84375,7.257619479401872e+21,1.3391066182418216e+22,2.553680076939985e+18,1.4291513358639883e+21,3.968820041462107e+19,0.27903964063259956,0.9984000752495309,-0.17058197280883788
16727,0.125,498210.03125,1.4652887998161486e+19,-13.235369682312012,176125.484375,5.084508124110599e+19,0.0,10.849183082580566,0.704688549041748,2.555997371673584,0.06548620015382767,0.3768705129623413,1.7673181295394897,0.551992654800415,0.31329628825187683,0.31329628825187683,2.3228423595428467,2.728522300720215,498210.03125,7.370497700462286e+21,1.3620387223644108e+22,2.6539874232303616e+18,1.5333353578437636e+21,7.038686852733626e+19,0.28818693255062156,0.9999943222621882,-0.17613871974468231
16727,0.13,520378.28125,1.5249644635602026e+19,-125.62264251708984,183098.078125,5.246591091402919e+19,0.0,10.76648998260498,0.6962233185768127,2.591571569442749,0.05987896770238876,0.36381110548973083,1.796013355255127,0.5526519417762756,0.31410402059555054,0.31410402059555054,2.3259565830230713,2.7895631790161133,520378.28125,7.437915460984115e+21,1.3752457534516561e+22,2.764604615176487e+18,1.6388361197645914e+21,6.367249406413609e+19,0.29065815059592015,0.9999945384760522,-0.1832237007675171
16727,0.135,541193.3125,1.4990515033702662e+19,-125.76907348632812,189224.71875,5.441886346728492e+19,0.0,10.671486854553223,0.7083851099014282,2.450836658477783,0.06349435448646545,0.4112446904182434,1.7940187454223633,0.5675837397575378,0.27873653173446655,0.27873653173446655,2.312192440032959,2.8223423957824707,541193.3125,7.482218496418466e+21,1.3831558758371697e+22,2.881050318261453e+18,1.745122619082907e+21,8.854908977810296e+19,0.27546541913199885,0.9999947153061085,-0.18935048782348632
16727,0.14,553972.8125000001,1.5609173942768505e+19,26.267986297606324,202814.671875,5.35264030731587e+19,0.0,10.671486854553219,0.7083851099014282,2.4508366584777828,0.06349435448646545,0.4112446904182437,1.7940187454223633,0.5675837397575378,0.2787365317344669,0.2787365317344666,2.273855924606323,2.8178529739379887,553972.8125,7.506067308245206e+21,1.3879980335665278e+22,2.9998432037938135e+18,1.8518862184867472e+21,1.2242980171620653e+20,0.2916163434601468,0.9998655702744893,-0.2027884038887024
16727,0.145,575903.125,1.6063505341505077e+19,272.7928161621094,208392.4375,5.446571585676771e+19,0.0,10.15422248840332,0.7012990117073059,2.331242561340332,0.06354625523090363,0.4653462767601013,1.7925829887390137,0.5744180679321289,0.3400860130786896,0.2873152196407318,2.2249672412872314,2.8742408752441406,575903.1249999998,7.522219468308769e+21,1.3906101213504026e+22,3.09205429621306e+18,1.9589236930429245e+21,1.0067675580903037e+20,0.2949287471727792,0.9986878911084593,-0.2081196446838379
16727,0.15,591519.25,1.640313678674369e+19,259.3832702636719,215483.734375,5.559030074770352e+19,0.0,10.024335861206055,0.7164885401725769,2.2419145107269287,0.06497911363840103,0.501410722732544,1.7960007190704346,0.5813245177268982,0.34792888164520264,0.2957850396633148,2.3002495765686035,2.977855920791626,591519.25,7.505507735991505e+21,1.3864530737143583e+22,3.178330774621389e+18,2.0617943527813703e+21,8.559395436636196e+19,0.2950719202112127,0.9987930921449649,-0.21522435110473634
16727,0.155,615389.3125,1.6814936876694634e+19,259.9690856933594,209453.46875,5.6004517564212314e+19,0.0,10.024335861206055,0.7164885401725769,2.2419145107269287,0.06497911363840103,0.501410722732544,1.7960007190704346,0.5813245177268982,0.34792888164520264,0.2957850396633148,2.3659441471099854,3.084381103515625,615389.3125,7.283137437840506e+21,1.3299727552475608e+22,3.24795679869449e+18,2.1669662111919117e+21,7.427219517422227e+19,0.3002425091407201,0.9987555979054822,-0.20919349966430664
16727,0.16,638749.8125,1.6890327090476351e+19,-39.542388916015625,195650.1875,5.776579445442111e+19,0.0,10.364168167114258,0.7489110827445984,2.0733585357666016,0.059908028692007065,0.4843755066394806,1.9275273084640503,0.5903517007827759,0.3579159677028656,0.3579159677028656,2.4989993572235107,3.0839786529541016,638749.8125,6.877391258912096e+21,1.2382623531557135e+22,3.271161166964982e+18,2.27072126530718e+21,7.258562350205108e+19,0.2923932276877679,0.9999948888631203,-0.195689729888916
16727,0.165,667841.9375,1.7500514262450176e+19,45.989933013916016,181397.03125,5.8148956664515e+19,0.0,10.450724601745605,0.7890836596488953,2.0331544876098633,0.07035808265209198,0.5602658987045288,2.0579049587249756,0.5894192457199097,0.45164671540260315,0.3613513112068176,2.571469306945801,2.9270217418670654,667841.9375,6.389649730418011e+21,1.132204833730952e+22,3.2879977136432087e+18,2.363233505165183e+21,7.743345822984569e+19,0.3009600733409159,0.9997410224227421,-0.1813510413169861
16727,0.17,688762.375,1.7928330938282934e+19,-118.93396759033203,169488.625,5.999442535908586e+19,0.0,10.450724601745605,0.7890836596488953,2.0331544876098633,0.07035808265209198,0.5602658987045288,2.0579049587249756,0.5894192457199097,0.45164671540260315,0.3613513112068176,2.5773446559906006,2.694375991821289,688762.375,5.841277928990497e+21,1.0203566984953082e+22,3.302315004304294e+18,2.4476540431301964e+21,1.0165097588779804e+20,0.2988332804419099,0.9999940999338455,-0.16960755896759033
16727,0.17500000000000002,701510.25,1.8141756040838906e+19,65.49858093261719,171727.4375,6.2280459566813544e+19,0.0,9.017448425292969,0.8013084530830383,2.0159571170806885,0.08465363830327988,0.7434464693069458,2.122403860092163,0.5831596851348877,0.43825098872184753,0.4429723918437958,2.6126601696014404,2.4832587242126465,701510.25,5.337153430951945e+21,9.241626252044415e+21,3.3039469544378204e+18,2.5209625119646265e+21,1.610762016693703e+20,0.2912913001448986,0.9996129165996797,-0.1716619389190674
16727,0.18,714905.2499999999,1.8301161037610615e+19,27.957061767585287,172288.546875,6.36229852545606e+19,0.0,8.444311141967777,0.8010237812995911,1.9769922494888308,0.08745077252387999,0.8189988732337947,2.120861768722534,0.5792662501335144,0.43276613950729376,0.43823161721229553,2.61152720451355,2.395269632339478,714905.2499999999,4.999268054158706e+21,8.601192992934101e+21,3.323398689522712e+18,2.591207407152538e+21,1.4249981198060644e+20,0.28765014663153926,0.9998319551925601,-0.17226058981323242
16727,0.185,731307.1874999999,1.8642114095825814e+19,182.11663818359304,173872.54687500003,6.575358810053935e+19,0.0,8.444311141967773,0.8010237812995911,1.9769922494888306,0.08745077252388,0.8189988732337952,2.120861768722534,0.5792662501335144,0.4327661395072937,0.43823161721229553,2.6601083278656,2.397761583328247,731307.1875000001,4.789194271840289e+21,8.203338809402703e+21,3.3329850565273846e+18,2.6575693550367256e+21,1.622570595654157e+20,0.28351478047587947,0.9989479420865284,-0.17369043023681643
16727,0.19,736329.3125000001,1.954799073083418e+19,91.43456268310798,178378.90624999994,6.8179079965087646e+19,0.0,7.260991573333738,0.7940198183059691,1.900048494338989,0.07831624150276179,0.8275244235992429,2.1080527305603023,0.5758313536643982,0.4184658527374267,0.4268261492252345,2.6882879734039307,2.4679896831512456,736329.3125,4.653111816649804e+21,7.950299560739269e+21,3.3485063124208835e+18,2.7240436114366194e+21,1.4024668395687484e+20,0.28671537868865477,0.9994820761570894,-0.17828747168731685
16727,0.195,749810.8125,2.0000584901198873e+19,13.162938117987451,184403.96874999994,6.865715201889119e+19,0.0,6.711565494537352,0.7673389315605166,1.8507555723190303,0.06750354915857319,0.7952575087547307,2.0401568412780766,0.574992835521698,0.4117286205291748,0.33851644396781966,2.6931424140930176,2.518012762069702,749810.8125000001,4.569531200015295e+21,7.796554550760187e+21,3.373700246981837e+18,2.7864325400245363e+21,1.8071215992749634e+20,0.29131101878061677,0.9999232020301456,-0.18439080581188197
16727,0.2,758887.125,2.045216971988927e+19,-66.05025482177045,185269.890625,7.0214328764659155e+19,0.0,6.386094093322753,0.8021337389945984,1.7620513439178462,0.07384722679853442,0.8798823356628422,2.0884478092193604,0.576019287109375,0.4088391661643982,0.417322039604187,2.688407182693481,2.5430519580841064,758887.1249999999,4.513480524952947e+21,7.690296058202051e+21,3.4018067878447683e+18,2.8478199806453183e+21,1.4751409517666029e+20,0.2912819944265197,0.9999946024980145,-0.18533594087982178
16727,0.20500000000000002,763597.875,2.064849191907518e+19,143.71807861327764,187664.43749999997,7.085358482504811e+19,0.0,6.164209365844726,0.8072720766067507,1.6823996305465692,0.07776215672492985,0.9625103473663336,2.069403886795044,0.5774845480918884,0.4072416424751282,0.41428127884864807,2.6357738971710205,2.5621025562286373,763597.875,4.4737306287418675e+21,7.622647488199318e+21,3.4177744454591447e+18,2.9061280850208856e+21,1.3866986993343477e+20,0.2914248018651491,0.999229440768383,-0.18752071942138668
16727,0.21,763436.9375,2.0887094738395595e+19,78.5469741821289,186864.8125,7.10881414415783e+19,0.0,5.984425067901611,0.8417800068855286,1.5725390911102295,0.08413134515285492,1.0590347051620483,2.045142650604248,0.5789533853530884,0.40563198924064636,0.41403186321258545,2.5968332290649414,2.520754337310791,763436.9375,4.4444713049127953e+21,7.573394996774488e+21,3.432856171579441e+18,2.966408766033238e+21,1.7525780819754143e+20,0.29381967673977016,0.9995744885033928,-0.18678626552581787
16727,0.215,770040.3125,2.1472652849907237e+19,233.68911743164062,184921.40625,7.082869188179526e+19,0.0,5.835947036743164,0.8567556142807007,1.4744609594345093,0.09025506675243378,1.1830893754959106,2.023301362991333,0.5808357000350952,0.40716028213500977,0.4128262400627136,2.572850227355957,2.462470054626465,770040.3125,4.4247632714684453e+21,7.532936909522005e+21,3.433798727922352e+18,3.026337603324704e+21,1.9551860571959303e+20,0.30316319953702614,0.998732479657416,-0.18468771713256835
16727,0.22,773007.1875,2.195381673040806e+19,208.3726348876953,182955.15625,7.104249851488607e+19,0.0,5.698032379150391,0.8787245154380798,1.4009774923324585,0.09525294601917267,1.2764955759048462,2.0110361576080322,0.5793213844299316,0.40700969099998474,0.4128592610359192,2.5613291263580322,2.376995325088501,773007.1875,4.404450629774121e+21,7.496005140777754e+21,3.43054554789367e+18,3.088356673793223e+21,1.949961353862599e+20,0.3090237138240276,0.9988569149487493,-0.18274678361511232
16727,0.225,776095.375,2.2440555134861705e+19,253.23013305664062,181946.046875,7.1848840760278385e+19,0.0,5.567893981933594,0.886487603187561,1.3441585302352905,0.10143067687749863,1.3870196342468262,1.999011754989624,0.5784103870391846,0.40408292412757874,0.4129088222980499,2.546959161758423,2.2839691638946533,776095.375,4.3887781030708715e+21,7.470367836948994e+21,3.42415298728978e+18,3.147762812052937e+21,2.1642793918017202e+20,0.31233009325416927,0.9986046665941929,-0.18169281674194335
16727,0.23,778697.0625,2.313252837975602e+19,12.8701171875,183384.375,7.250371428382828e+19,0.0,5.462728500366211,0.9148303866386414,1.26277756690979,0.10420716553926468,1.4452956914901733,1.9811075925827026,0.578864336013794,0.40392646193504333,0.41195762157440186,2.5162315368652344,2.1892807483673096,778697.0625,4.373383110694659e+21,7.448699330291854e+21,3.4156347958314926e+18,3.206954184905421e+21,2.663612833892936e+20,0.31905301139745407,0.9999243715926581,-0.1833715048828125
16727,0.23500000000000001,780068.5,2.354711903021826e+19,-69.7745361328125,179748.59375,7.262336753720938e+19,0.0,5.365901947021484,0.9384920597076416,1.2097599506378174,0.113408662378788,1.5899622440338135,1.9684052467346191,0.5786813497543335,0.4038383662700653,0.41262272000312805,2.4428372383117676,2.0897133350372314,780068.5,4.3588302914487646e+21,7.423889562894623e+21,3.424919621772247e+18,3.26596710262267e+21,2.663612833892936e+20,0.3242361216333522,0.9999944367050899,-0.17981836828613282
16727,0.24,778907.375,2.3802502596001796e+19,0.19041857123843897,182094.96874999997,7.2857695455321e+19,0.0,5.251973152160645,0.923266112804413,1.150772571563721,0.11603549122810362,1.7208585739135736,1.888379573822022,0.5791113972663879,0.4037710726261139,0.35461699962616,2.3348863124847417,2.0049717426300053,778907.3750000002,4.3463240767585334e+21,7.399911835528549e+21,3.4326640319224873e+18,3.3224430863748264e+21,2.3664225814669427e+20,0.32669853811939964,0.9999934626925869,-0.18209477833142873
16727,0.245,783433.4375,2.4652093031761048e+19,-39.10293960570425,181780.07812499994,7.283364693699828e+19,0.0,5.177275657653809,0.9440417885780333,1.1006561517715456,0.12093706429004666,1.8192355632781978,1.879524827003479,0.579420804977417,0.4036027193069458,0.3518560230731964,2.233667850494385,1.9299939870834355,783433.4375,4.3335510237903805e+21,7.38274523964892e+21,3.4541036840303985e+18,3.3810982493966765e+21,2.3525321432099927e+20,0.33847121582536316,0.9999944988773842,-0.18181918106460565
16727,0.25,780283.6875,2.481708574662512e+19,78.40054321289062,181136.328125,7.3240519015833534e+19,0.0,5.145572185516357,0.9674806594848633,1.0646406412124634,0.13214488327503204,1.988189458847046,1.869168996810913,0.5785199403762817,0.4040638208389282,0.34851306676864624,2.1641757488250732,1.768273949623108,780283.6875,4.319910746418982e+21,7.359159888400381e+21,3.486521684863746e+18,3.441917392039478e+21,2.19509017051805e+20,0.3388436630447693,0.9995618451897281,-0.1810579275817871
16727,0.255,779404.0625,2.4807618951509967e+19,284.8687438964844,187581.78125,7.3240519015833534e+19,0.0,5.118957996368408,1.0173438787460327,1.0455572605133057,0.143793985247612,2.0917558670043945,1.9304364919662476,0.5755150318145752,0.40318483114242554,0.4150763154029846,2.1641757488250732,1.768273949623108,779404.0625,4.306062177564818e+21,7.33503129044679e+21,3.5258855755276616e+18,3.500216770690766e+21,2.2849375108496726e+20,0.33871440679095843,0.9984783503498034,-0.1872969125061035
16727,0.26,780611.6875,2.4726279280310354e+19,67.40213012695312,192304.53125,7.402111069890334e+19,0.0,5.067005157470703,0.9951556921005249,1.0226222276687622,0.14018836617469788,2.136648416519165,1.862338662147522,0.573532223701477,0.401170551776886,0.34156569838523865,2.0658726692199707,1.621209740638733,780611.6875,4.4170049766853695e+21,7.798735418879738e+21,3.611119167157043e+18,3.558946806056421e+21,2.2202148028611035e+20,0.33404361332660587,0.9996444295518861,-0.19223712911987303
16727,0.265,761031.625,2.4544354086378537e+19,-111.45646667480469,203006.609375,7.46374705291555e+19,0.0,5.293989658355713,1.0990885496139526,0.9347896575927734,0.16238820552825928,2.262934923171997,1.8972805738449097,0.5782244205474854,0.40690693259239197,0.42207351326942444,1.8838566541671753,1.4144879579544067,761031.625,5.070486289816083e+21,1.0164643499273626e+22,3.7769043550268293e+18,3.6267527205711344e+21,2.1888755548759995e+20,0.3288476138374869,0.999995074076272,-0.2031180658416748
16727,0.27,744475.1875,2.5162143281746805e+19,78.6934585571289,214228.078125,7.192523043012975e+19,0.0,5.362660884857178,1.1605503559112549,0.8649722337722778,0.16670531034469604,2.239600896835327,1.870690941810608,0.5806324481964111,0.41173055768013,0.42494916915893555,1.6557698249816895,1.1846636533737183,744475.1875,6.053036057569551e+21,1.3365299963050123e+22,4.043414153849733e+18,3.7096082576656365e+21,2.7488260405767386e+20,0.3498375066895342,0.9996281354709246,-0.21414938466644287
16727,0.275,729536.5,2.534842474074787e+19,272.7928161621094,229039.21875,6.999044180896488e+19,2422205440.0,5.362660884857178,1.1605503559112549,0.8649722337722778,0.16670531034469604,2.239600896835327,1.870690941810608,0.5806324481964111,0.41173055768013,0.42494916915893555,1.4187368154525757,0.9707809686660767,729536.5,7.301306647587179e+21,1.6898792705487622e+22,4.396221046923985e+18,3.818677559341202e+21,3.346244891880456e+20,0.36216980612774274,0.9988060301755571,-0.2287664259338379
16727,0.28,713172.25,2.6059204032523665e+19,78.6934585571289,245649.0625,6.908199011772426e+19,0.0,5.4060797691345215,1.1576833724975586,0.8291569352149963,0.1681385338306427,2.2648556232452393,1.7884600162506104,0.5781220197677612,0.41425302624702454,0.36427703499794006,1.2693809270858765,0.7868244051933289,713172.25,8.623816825662196e+21,1.956100667911505e+22,4.846163470120387e+18,3.9502341783811585e+21,3.123608388770233e+20,0.37722138560449053,0.9996756852561017,-0.24557036904144286
16727,0.28500000000000003,701942.9375,2.629248301654239e+19,-118.64115142822266,276170.9375,6.692126505119095e+19,0.0,5.547690391540527,1.2541173696517944,0.7938510179519653,0.1703869253396988,2.059282064437866,1.8429853916168213,0.5769720077514648,0.4123322069644928,0.42110833525657654,1.0354435443878174,0.5422481894493103,701942.9375,9.599762627512079e+21,2.123079955755577e+22,5.274700326069338e+18,4.1042806480602965e+21,3.67314922614477e+20,0.392886820003031,0.9999963790672975,-0.2762895786514282
16727,0.29,680718.0000000003,2.694592937399943e+19,-37.36877822874186,285116.5937499997,6.692126505119095e+19,0.0,5.5819902420043945,1.2941570281982417,0.7770321965217593,0.17734874784946433,2.038263082504273,1.8353819847106934,0.5746071338653564,0.41165822744369507,0.42440870404243464,1.0354435443878174,0.5422481894493103,680718.0000000007,1.015710785119711e+22,2.2176931529872424e+22,5.720342284411592e+18,4.2625030804939064e+21,2.951358897162845e+20,0.4026512253375266,0.9999964926752262,-0.28515396252822844
16727,0.295,668122.3125000003,2.7499759977979953e+19,143.27877807617404,286555.0312499998,6.565189207106309e+19,0.0,5.603517532348633,1.3302204608917232,0.7506815195083621,0.17361207306385046,1.9245119094848646,1.821964502334595,0.5759474635124207,0.41116517782211304,0.4236255884170532,0.8956397771835343,0.45505365729332065,668122.3125000006,1.0494139232911014e+22,2.275619802474371e+22,6.245709281128078e+18,4.426641553988028e+21,3.369830032022763e+20,0.41887231442185385,0.9994967592420713,-0.28641175247192363
16727,0.3,651973.3750000001,2.789064955579387e+19,297.6610717773221,295145.8125,6.386214662578792e+19,0.0,5.634305000305176,1.3778538703918453,0.7276327610015871,0.17154040932655337,1.8247052431106578,1.8114507198333742,0.5758429169654846,0.4128025770187378,0.4241074323654175,0.6861799955368065,0.3759656846523294,651973.3750000001,1.0698030698840965e+22,2.3103247663828704e+22,6.651266344056513e+18,4.594377559159489e+21,3.393647037177135e+20,0.43673210233950166,0.9989891126810846,-0.2948481514282227
16727,0.305,625295.3125000003,2.7965431739645424e+19,233.6891174316233,309364.25000000006,6.224096950719034e+19,2422205440.0,5.634305000305176,1.3778538703918457,0.7276327610015869,0.17154040932655334,1.8247052431106567,1.811450719833374,0.5758429169654846,0.4128025770187378,0.4241074323654175,0.48493680357933266,0.2512533962726607,625295.3125000006,1.0817829826628747e+22,2.331280240629008e+22,7.071787760238976e+18,4.757484426863973e+21,2.6553077387832276e+20,0.4493090638058705,0.9992419576174884,-0.3091305608825684
16727,0.31,602599.3125000002,2.812516439088221e+19,-52.86274337768114,330566.1562499999,6.000820004075864e+19,0.0,5.7147479057312,1.4113056659698482,0.7126484513282778,0.1688790321350098,1.698471546173097,1.7994588613510134,0.5760907530784607,0.41308143734931946,0.42251142859458923,0.2388594597578076,0.08003222942352484,602599.3125000006,1.0896391744428505e+22,2.3439452635010993e+22,7.534852579834976e+18,4.92869327029809e+21,2.519874294520291e+20,0.46868868540931236,0.9999969748960806,-0.3306190189933776
16727,0.315,583177.3125000002,2.85487622405992e+19,-105.54676818846059,326638.6562499999,5.505514644823252e+19,0.0,5.62108325958252,1.4645658731460565,0.665652751922608,0.15316943824291246,1.4474320411682156,1.6949414014816295,0.579252302646637,0.3787628412246708,0.4184666275978089,2.6645352591003757e-15,-0.28629374504088945,583177.3125000005,1.0943707688013564e+22,2.3517635124542145e+22,7.978503322619337e+18,5.107589758296121e+21,2.5198630355212226e+20,0.5185484751628651,0.999996938522372,-0.32674420301818835
16727,0.32,560577.1874999997,2.942525112882038e+19,39.35900497436449,334942.3749999998,5.50551464482323e+19,0.0,5.514929771423338,1.4689189195632937,0.6562690734863279,0.15669250488281242,1.4392784833908072,1.660207390785217,0.5768055319786072,0.3342410624027248,0.419765830039978,0.0,-0.2862937450408946,560577.1875000001,1.0969293763396562e+22,2.3565906957148115e+22,8.438302042925028e+18,5.280104082672222e+21,1.9762966804492295e+20,0.5344686741772378,0.9998795191486682,-0.3349030159950255
16727,0.325,540081.8749999998,2.9811584330448773e+19,143.5715942382674,340294.9062500001,5.3613141346450596e+19,0.0,5.332547187805176,1.4935089349746706,0.6387971639633178,0.14975228905677804,1.3559126853942873,1.631660461425781,0.5758327841758728,0.2951232790946961,0.42102834582328796,0.0,-0.38140302896499656,540081.8750000007,1.09857701826333e+22,2.359851977384972e+22,8.864672311211459e+18,5.452908889224288e+21,1.9292778688864584e+20,0.5560499456244308,0.9995753383386857,-0.34015133465576186
16727,0.33,523067.8124999998,3.0441008557862162e+19,285.45440673826613,338433.65625000023,5.226455075256473e+19,0.0,5.306985378265381,1.5062705278396606,0.6337292790412903,0.15848220884799968,1.370410203933716,1.6154232025146484,0.5731777548789978,0.30032002925872814,0.4205431044101715,0.0,-0.40077593922615035,523067.81249999977,1.0993741553973745e+22,2.3609803542716096e+22,9.337057141120303e+18,5.625885958462109e+21,1.3291500848146914e+20,0.5824408345530141,0.9991543035157172,-0.33814820184326194
16727,0.335,505767.87499999977,3.157338898623891e+19,234.12841796874352,346932.5937500001,5.09215940562596e+19,0.0,5.280761241912842,1.5124598741531372,0.6362903714179993,0.16924242675304413,1.3973350524902344,1.608744502067566,0.5692610740661621,0.3090483248233795,0.419331818819046,6.720454529286057e-16,-0.38531583547592163,505767.8749999995,1.0996962753607222e+22,2.3614399466135827e+22,9.867283429475758e+18,5.792005734317304e+21,1.2191260903868675e+20,0.6200392892523308,0.9993227238508798,-0.34669846533203136
16727,0.34,482528.03124999977,3.2556460133610177e+19,26.414468765269582,358121.5625,4.973444695370335e+19,0.0,5.280761241912841,1.5124598741531368,0.6362903714179996,0.16924242675304452,1.397335052490236,1.6087445020675657,0.569261074066162,0.3090483248233791,0.419331818819046,0.06053247302770734,-0.38625210523605347,482528.0312499998,1.1001165737959465e+22,2.3620387001840416e+22,1.0420548884479607e+19,5.965098208295569e+21,1.1643430554743236e+20,0.6546058542465796,0.9999234551247437,-0.35809514803123477
16727,0.34500000000000003,464972.4374999998,3.39327826097718e+19,-125.62264251706797,363888.9062500003,4.8713356893266846e+19,0.0,5.206599712371825,1.4755349159240723,0.6622946262359619,0.20494869351387032,1.5437940359115598,1.5852093696594236,0.5590291023254395,0.2683279216289522,0.41741853952407837,0.16780719161033766,-0.3864721357822419,464972.4375000003,1.1006986640477842e+22,2.3631634741909774e+22,1.0998253184434061e+19,6.145189276094759e+21,9.691716491385032e+19,0.6965806664508885,0.99999725191608,-0.3640145288925174
16727,0.35000000000000003,447587.96874999977,3.4923332635235205e+19,-105.40033721921947,371486.87500000006,4.767512764557656e+19,0.0,5.11665153503418,1.4784600734710684,0.6656314134597783,0.2119119316339496,1.5317461490631117,1.5731858015060425,0.5544894337654113,0.28190109133720337,0.4166251718997955,0.29066047072410567,-0.3933934867382048,447587.9687499997,1.101070999146977e+22,2.363737683143467e+22,1.1726927027951895e+19,6.318409539712451e+21,9.016631305288706e+19,0.732527302178613,0.9999973081221022,-0.3715922753372193
16727,0.355,430245.03125,3.670386857111611e+19,54.339439392089844,379579.125,4.6558081006360855e+19,0.0,5.141605854034424,1.4028866291046143,0.7103573083877563,0.24282659590244293,1.6480907201766968,1.576587200164795,0.5438817143440247,0.22629955410957336,0.4113542437553406,0.2771744132041931,-0.3766920268535614,430245.03125,1.1009748472949327e+22,2.3633542016351966e+22,1.2571988575316345e+19,6.491623610880654e+21,8.136055312444765e+19,0.7883458204839147,0.9998542296746588,-0.3795247855606079
16727,0.36,411840.40625,3.7593516414498505e+19,182.11663818359375,394225.59375,4.624706435123511e+19,0.0,5.011512279510498,1.4467315673828125,0.6917428374290466,0.23742137849330902,1.5603855848312378,1.5581337213516235,0.5428494215011597,0.24421744048595428,0.41355374455451965,0.2842697501182556,-0.3392365872859955,411840.40625,1.1008698008336243e+22,2.362777065342949e+22,1.3546305411107258e+19,6.664830926649416e+21,7.983665639662918e+19,0.8128843839467293,0.9995357185747663,-0.3940434771118164
16727,0.365,395158.125,3.9139363792453894e+19,259.3832702636719,399292.0,4.475420023959899e+19,0.0,4.869269847869873,1.49385404586792,0.6603749990463257,0.24281589686870575,1.5409642457962036,1.5345637798309326,0.5418693423271179,0.20789791643619537,0.4186544716358185,0.25635460019111633,-0.28975579142570496,395158.125,1.1009555944065257e+22,2.363489534803999e+22,1.4463298108672442e+19,6.838037116518272e+21,5.737227044674706e+19,0.8745405701121873,0.9993483125588377,-0.39903261672973633
16727,0.37,375823.0,4.240713873848323e+19,-79.39755249023438,417824.125,4.313787856434967e+19,0.0,4.869269847869873,1.49385404586792,0.6603749990463257,0.24281589686870575,1.5409642457962036,1.5345637798309326,0.5418693423271179,0.20789791643619537,0.4186544716358185,0.20014357566833496,-0.2489663064479828,375823.0,1.1009416332476808e+22,2.363171805850288e+22,1.5774079796213973e+19,7.00432634030944e+21,5.153517432111681e+19,0.9830603671254631,0.9999976066542193,-0.41790352255249025
16727,0.375,362551.625,4.43566212330417e+19,38.91984939575195,413122.09375,4.274358489853618e+19,0.0,4.774072170257568,1.4160101413726807,0.7091354727745056,0.3222079575061798,1.8870331048965454,1.5331846475601196,0.5240681767463684,0.21722406148910522,0.4179746210575104,0.2770139276981354,-0.20670640468597412,362551.625,1.1007979684195677e+22,2.3622377592875714e+22,1.728896492673119e+19,7.184428667107707e+21,4.606317323051283e+19,1.03773750700449,0.9999033796716983,-0.41308317390060423
16727,0.38,480828.25,1.97367878724396e+19,301.7953186035156,1275016.625,,7268069888.0,,,,,,,,,,,,480828.25,1.1006822259091443e+22,2.362340216179094e+22,1.8144149677652574e+19,7.357567302982152e+21,4.409329699428237e+19,,0.9997625729571907,-1.2747148296813964
16727,0.385,9910.6689453125,1.1511048914954355e+19,211.49737548828125,205843.875,,12115873792.0,,,,,,,,,,,,9910.6689453125,1.0918848943970387e+22,2.3268903568922286e+22,1.816673034795221e+19,7.530363665284917e+21,2.3573804177424384e+18,,0.9989687415485455,-0.20563237762451173
16727,0.39,3162.150146484375,3.7382147398686474e+18,-13.381754875183105,12583.4296875,,0.0,,,,,,,,,,,,3162.150146484375,1.0300617305123103e+22,2.1022593643182803e+22,1.7424962420459176e+19,7.695014704711628e+21,1.7853926986431332e+19,,0.9999205367247597,-0.012596811442375183
16727,0.395,-9643.6767578125,0.0,-79.251220703125,13147.24609375,,0.0,,,,,,,,,,,,-9643.6767578125,9.293081566636983e+21,1.771922245680496e+22,1.6147753220960158e+19,7.841236451513187e+21,6.887547016809305e+20,,0.9999239442285405,-0.013226497314453125
16727,0.4,-5398.55419921875,0.0,67.40213012695312,15653.5146484375,,0.0,,,,,,,,,,,,-5398.55419921875,8.103507516462782e+21,1.4267973324862594e+22,1.5184738265191154e+19,7.959837058850129e+21,2.0272718427119944e+18,,0.9956492499553099,-0.015586112518310546
16727,0.405,42992.85546875,0.0,261.0611572265625,13468.5556640625,,0.0,,,,,,,,,,,,42992.85546875,6.723668203981198e+21,1.0786221312644047e+22,1.46608055813931e+19,8.059527614301695e+21,5.924761067322134e+19,,0.9809141016286871,-0.013207494506835938
16727,0.41000000000000003,-29077.94921875,0.0,280.0374450683594,12932.94140625,,0.0,,,,,,,,,,,,-29077.94921875,5.196569627933901e+21,7.534747356572208e+21,1.42730155268579e+19,8.137900943867057e+21,1.6531129835821466e+19,,0.9787318075629945,-0.012652903961181641
16727,0.41500000000000004,9265.640625,0.0,169.33200073242188,11699.541015625,,0.0,,,,,,,,,,,,9265.640625,3.731986362739064e+21,4.998429258728109e+21,1.3884131458253062e+19,8.191287739749813e+21,2.2126314986521231e+18,,0.9856500570395578,-0.011530209014892578
16727,0.42,12147.051757812455,0.0,-97.74367523192453,14540.026367187502,,0.0,,,,,,,,,,,,12147.051757812209,2.5049105569928215e+21,3.059657203692897e+21,1.3596716919729166e+19,8.226628611925696e+21,1.7192935505306583e+18,,0.9999312290635648,-0.014637770042419427
16727,0.425,1198.721679687802,0.0,24.725395202651214,13515.989257812567,,0.0,,,,,,,,,,,,1198.7216796884932,1.5264002366301127e+21,1.8463952046411177e+21,1.3469583688744305e+19,8.248554386711549e+21,1.759687963965265e+21,,0.998100285239955,-0.013491263862609916
16727,0.43,7923.463867187313,0.0,246.83677673338696,14122.344726562944,,0.0,,,,,,,,,,,,7923.4638671872,9.211289019792238e+20,1.114234528276597e+21,1.3436481791678478e+19,8.261794406666066e+21,1.174022979923403e+20,,0.9827533996925135,-0.013875507949829556
16727,0.435,4285.762695312769,0.0,259.5296630859172,15873.208007812347,,0.0,,,,,,,,,,,,4285.762695312771,5.5586878187909834e+20,6.724012166402891e+20,1.344943403865368e+19,8.269786044204835e+21,1.179645547036803e+18,,0.9838518718724517,-0.01561367834472643
16727,0.44,4846.386230468708,0.0,55.22495269775158,9734.012695312118,,0.0,,,,,,,,,,,,4846.386230468575,3.354472053606064e+20,4.05770420960789e+20,1.3490614047648774e+19,8.274607147605935e+21,1.1573951425423606e+18,,0.9942570390301831,-0.009678787742614365
16727,0.445,5229.3837890625,0.0,-111.89576721189701,5417.538574218843,,0.0,,,,,,,,,,,,5229.383789062749,2.0243054043207657e+20,2.448681532348362e+20,1.3519425650343018e+19,8.27751703591517e+21,1.165062174561796e+18,,0.9998154483932701,-0.005529434341430739
16727,0.45,5228.005371093742,0.0,65.20576477051932,15528.635742187398,,0.0,,,,,,,,,,,,5228.00537109382,1.2465271516040685e+20,1.507849839396195e+20,1.35675721650117e+19,8.279218270674409e+21,3.167397505872691e+18,,0.9957546368944513,-0.015463429977416879
16727,0.455,6534.070800781301,0.0,246.54393005370088,4865.94042968773,,0.0,,,,,,,,,,,,6534.0708007811145,7.522351902285313e+19,9.09934184758583e+19,1.3588797137474288e+19,8.280300260484884e+21,1.399295122356568e+18,,0.9515899702358299,-0.004619396499634029
16727,0.46,,,,,,,,,,,,,,,,,,,,,,,,,,
28206,0.0,1533.3157958984375,0.0,520.2048950195312,-5526.1474609375,,0.0,,,,,,,,,,,,1533.3157958984375,0.0,6.056401372391104e+21,3.484786999112499e+17,4.151211428324101e+19,0.0,,0.0,0.006046352355957031
28206,0.005,32719.703125000047,2.5075060861315395e+18,581.6914062500006,5762.336914062488,,0.0,,,,,,,,,,,,32719.703124999956,0.0,6.320440100194443e+21,5.901505654224319e+17,7.332248101061436e+19,1.8117873548771983e+18,,0.908165672896271,-0.005180645507812488
28206,0.01,71381.3203125,6.741910632406192e+18,759.2250366210923,51645.87109375002,,0.0,,,,,,,,,,,,71381.32031250001,0.0,5.128289991033384e+21,7.568725371990835e+17,1.0236438301236422e+20,1.887385926112379e+18,,0.9854935762677328,-0.05088664605712893
28206,0.015,106835.1328125,8.305346348115296e+18,605.9152221679688,92891.9609375,,0.0,,,,,,,,,,,,106835.1328125,0.0,3.324318272669673e+21,7.995443085951631e+17,1.235206667845417e+20,3.3936729856515506e+19,,0.9935088500835931,-0.09228604571533203
28206,0.02,146901.12500000006,8.727054687099947e+18,539.9501342773436,99602.52343750009,,0.0,,,,,,,,,,,,146901.12499999997,0.0,2.0061086100263322e+21,7.118615548149107e+17,1.3657092862428942e+20,5.539314841723863e+18,,0.994598248742694,-0.09906257330322274
28206,0.025,173309.75000000003,8.740124032063502e+18,425.91647338867443,110853.06249999997,,0.0,,,,,,,,,,,,173309.75000000003,0.0,1.2106157120582068e+21,5.239072919513989e+17,1.4444630820158387e+20,5.021948991122702e+18,,0.9961635823683004,-0.1104271460266113
28206,0.03,208161.234375,8.03724473133328e+18,557.6740112304688,70807.28125,,0.0,,,,,,,,,,,,208161.234375,0.0,7.305637984528803e+20,3.6092891674915635e+17,1.491988196692968e+20,5.102641049973555e+18,,0.9921717013499577,-0.07024960723876954
28206,0.035,245217.09375,7.83140735852059e+18,554.5728149414062,64858.38671875,,0.0,,,,,,,,,,,,245217.09375,0.0,4.408695413160406e+20,2.5385311431714406e+17,1.520667330226296e+20,6.681176358866911e+18,,0.9915068156873265,-0.0643038139038086
28206,0.04,285090.81249999994,6.813360746269771e+18,533.9873657226567,73425.38281249997,3.6788071370594423e+19,0.0,,,,,,,,,,,,285090.8125,0.0,2.9741560832922124e+20,1.7971199728418835e+17,1.5380693447395718e+20,5.337791402782753e+18,0.1852057064267808,0.9927665672246705,-0.07289139544677732
28206,0.045,316347.65625000006,6.560582473288252e+18,554.7683715820311,85524.7109375001,3.678807137059452e+19,0.0,17.937692642211907,0.4827856421470643,11.747269630432118,0.18559148907661446,0.41111585497856196,1.8711893558502195,0.4926064014434815,0.2301686555147172,0.16863371431827556,1.7353106737136836,2.1915287971496578,316347.65624999994,0.0,1.3244257560290027e+21,1.4095952957459688e+17,1.5723952181494356e+20,1.1107910777607029e+19,0.1783345043342572,0.9935436189941917,-0.08496994256591807
28206,0.05,344472.03125000006,7.125791373348831e+18,472.2323913574214,116522.82031250007,4.18692092716636e+19,0.0,15.92455673217773,0.5201995372772218,7.863145351409906,0.21659490466117864,0.6193363070487982,1.79636013507843,0.5180343985557557,0.2680523991584777,0.20953793823719033,1.6002018451690692,2.107149124145508,344472.03125000006,0.0,3.492294938946221e+21,1.3904856118565274e+17,1.689818310105681e+20,1.5918104824336351e+19,0.17019168733552967,0.9959551422426595,-0.11605058792114264
28206,0.055,366241.53125,7.327730427685244e+18,512.2723388671874,116615.28125000007,4.2159678253489455e+19,0.0,14.541553497314451,0.5679534077644348,5.712783336639403,0.23676453530788422,0.822207808494568,1.736742377281189,0.5407780408859253,0.24177455902099615,0.24177455902099607,2.2532000541687016,2.0282692909240723,366241.53125,0.0,5.208495159747178e+21,1.6202317447561216e+17,1.9111867684458227e+20,2.6139283663397847e+19,0.1738089741488657,0.9956178717900946,-0.11610300891113289
28206,0.06,391910.8125,8.975221608314569e+18,445.75616455078125,154910.03125,4.743979697286047e+19,0.0,13.313604354858398,0.5745347738265991,5.252920150756836,0.23640963435173035,0.9205626249313354,1.748803734779358,0.523662269115448,0.275145560503006,0.2172599732875824,2.505716562271118,2.076533079147339,391910.8125,0.0,6.300673238479959e+21,2.0946418063638528e+17,2.1999086702756155e+20,2.7773056787203228e+19,0.18919182165659656,0.9971243215569419,-0.15446427508544922
28206,0.065,415707.34375,1.011916505072481e+19,574.3073120117188,158330.015625,5.330078328713904e+19,0.0,12.287192344665527,0.5811892747879028,4.920671463012695,0.23754557967185974,1.0388375520706177,1.7645323276519775,0.5083238482475281,0.25383827090263367,0.25383827090263367,2.656423807144165,2.2259058952331543,415707.34375,0.0,7.493564189779719e+21,2.5842213488636723e+17,2.54394744190347e+20,3.766269768611817e+19,0.1898502128235415,0.9963795592156484,-0.15775570831298827
28206,0.07,447803.96875,1.0744446318324744e+19,583.5505981445312,193780.0625,5.330078328713904e+19,0.0,12.287192344665527,0.5811892747879028,4.920671463012695,0.23754557967185974,1.0388375520706177,1.7645323276519775,0.5083238482475281,0.25383827090263367,0.25383827090263367,2.656423807144165,2.2259058952331543,447803.96875,0.0,8.725196230974027e+21,2.9925641619400294e+17,2.9336525378310006e+20,4.310129561347031e+19,0.20158139628910995,0.9969925050201944,-0.19319651190185547
28206,0.075,472496.03124999994,1.1400203849223375e+19,607.8995361328123,190705.09375,5.6778520973608485e+19,0.0,10.713267326354984,0.5965291261672974,3.9931876659393337,0.21612907946109777,1.2131810188293453,1.772324800491333,0.5072483420372009,0.252797394990921,0.252797394990921,2.7101058959960938,2.4296987056732173,472496.0312499999,0.0,9.667249067928217e+21,3.343814833744118e+17,3.4139466606537815e+20,4.606308526958261e+19,0.20078374099463356,0.9968172765322915,-0.1900971942138672
28206,0.08,501420.96875000006,1.201284293212714e+19,445.35122680664205,202567.46874999997,6.342133482202648e+19,0.0,10.40585994720459,0.6006587743759155,3.886626720428467,0.19686566293239594,1.2018194198608398,1.7956349849700928,0.5090932250022888,0.25545522570610046,0.25545522570610046,2.3985695838928223,2.800366163253784,501420.9687499999,0.0,1.0200430227812614e+22,3.6323720397271846e+17,3.911902282733998e+20,5.487725426295125e+19,0.18941327813168374,0.9978013751632394,-0.20212211752319334
28206,0.085,527365.3750000001,1.2490673093372547e+19,484.63442993164426,217097.375,6.485093743264688e+19,0.0,10.405859947204588,0.6006587743759155,3.886626720428466,0.19686566293239588,1.2018194198608398,1.795634984970093,0.5090932250022888,0.2554552257061005,0.2554552257061005,2.336557149887085,2.878291368484497,527365.3750000001,0.0,1.0514978514286779e+22,3.939989623375137e+17,4.409710130451454e+20,5.98636142617061e+19,0.19260589881750215,0.9977680498527711,-0.21661274057006835
28206,0.09,554476.875,1.3169828231710245e+19,629.3226318359375,217262.625,6.485093743264688e+19,0.0,10.085578918457031,0.6046109795570374,3.549283027648926,0.17367053031921387,1.2159417867660522,1.8377474546432495,0.5198540687561035,0.27086716890335083,0.27086716890335083,2.336557149887085,2.878291368484497,554476.875,0.0,1.0730927242319099e+22,4.3289109379363635e+17,4.9624158020953755e+20,6.426028858229863e+19,0.20307845581088496,0.9971071912207964,-0.21663330236816405
28206,0.095,580504.8125,1.3964770740545782e+19,625.9475708007812,213106.828125,6.86787200389816e+19,0.0,9.94140911102295,0.5973270535469055,3.5015554428100586,0.1686633974313736,1.2616894245147705,1.862422227859497,0.5226929783821106,0.2748273015022278,0.2748273015022278,2.052159547805786,2.8812806606292725,580504.8125,0.0,1.0851139575372686e+22,4.780141920041042e+17,5.502179957997589e+20,6.607306659715246e+19,0.2033347554034127,0.9970666893018674,-0.21248088055419923
28206,0.1,607038.25,1.4527284187850867e+19,411.50408935546875,219632.09375,7.008980247574374e+19,0.0,9.70368480682373,0.6050904989242554,3.298854112625122,0.1648549884557724,1.3230096101760864,1.8676294088363647,0.5276884436607361,0.28166818618774414,0.28166818618774414,1.8642007112503052,2.7789883613586426,607038.25,0.0,1.0911845846549826e+22,5.274250763252531e+17,6.04663278332436e+20,7.31812113586313e+19,0.20726673031898446,0.9981253614339735,-0.21922058966064453
28206,0.105,627292.75,1.4724985174618018e+19,2148151.7499999995,251869.12499999997,7.008980247574374e+19,6359709384703.937,9.499475479125977,0.6219961047172546,3.0503602027893075,0.2031143456697463,1.777658939361571,1.847938895225525,0.5421234369277954,0.30079504847526545,0.24488064646720897,1.8642007112503052,2.7789883613586426,627292.7499999999,0.0,1.0206208346134548e+22,5.681363497695314e+17,6.578635266743772e+20,5.29818457502468e+19,0.2100874114991828,0.10494451222449797,1.8962826249999996
28206,0.11,650164.9375,1.5323275630779306e+19,2915499.999999998,286000.3437500002,6.979859462210401e+19,16284716630016.049,9.185028076171873,0.6270830631256104,2.850420951843261,0.2687962949275972,2.567781686782839,1.8213847875595093,0.5500938296318054,0.3109259009361267,0.3109259009361267,1.8391705751419074,2.451437950134277,650164.9374999998,0.0,8.838478087151061e+21,5.9598945320226e+17,7.056334190281286e+20,5.687621917880615e+19,0.21953558970264264,0.08933319497376842,2.629499656249998
28206,0.115,671546.8750000001,1.5863390926714972e+19,2692047.0,335316.3437500001,7.211927664024617e+19,23848583954432.043,8.696652412414549,0.6426682472229004,2.5967710018157955,0.3202466666698457,3.41336512565613,1.799851655960083,0.5547304153442383,0.31668540835380554,0.31668540835380554,2.109426975250244,2.361391305923462,671546.875,0.0,7.327347586532542e+21,6.035754649586237e+17,7.460667364826614e+20,6.376975246468265e+19,0.2199604830459767,0.11076180653387868,2.35673065625
28206,0.12,705852.25,1.6542858326354952e+19,2838240.0,367344.28125,7.211927664024617e+19,27630074068992.0,8.205955505371094,0.656406581401825,2.392677068710327,0.3512418270111084,4.214834213256836,1.7895539999008179,0.5571463704109192,0.3196370303630829,0.3196370303630829,2.109426975250244,2.361391305923462,705852.25,0.0,5.78097698177982e+21,6.040956026780385e+17,7.78848719645268e+20,8.791474193762039e+19,0.22938192251810813,0.1145950736043922,2.47089571875
28206,0.125,731996.375,1.7486381139986743e+19,2756324.75,420283.03125,7.957595779163698e+19,38174319443968.0,7.734634876251221,0.6621983051300049,2.2197651863098145,0.36633193492889404,4.823056221008301,1.7804733514785767,0.5543228387832642,0.3161715269088745,0.3161715269088745,2.5933055877685547,2.563218355178833,731996.375,0.0,4.213339253686747e+21,6.08288933867946e+17,8.038413754086164e+20,7.501296694418054e+19,0.2197445261767804,0.13230556867144908,2.33604171875
28206,0.13,750131.0625,1.8036970383688598e+19,3217655.25,354835.875,8.148269567215403e+19,29647689482240.0,7.613866806030273,0.6600847244262695,2.237849473953247,0.3482897877693176,4.701836109161377,1.782868504524231,0.5508129596710205,0.3115002512931824,0.3115002512931824,2.377638101577759,2.6876473426818848,750131.0625,0.0,2.6951623085012707e+21,6.130771008484803e+17,8.210221154058256e+20,7.464092739371323e+19,0.22135951977166324,0.09932446667044788,2.862819375
28206,0.135,771480.4375,1.7686322931451298e+19,3053921.25,417373.25,8.268054761991832e+19,42325334032384.0,7.830409526824951,0.6628421545028687,2.253420114517212,0.3333391547203064,4.487886905670166,1.8365230560302734,0.5522133708000183,0.3127169907093048,0.3127169907093048,2.030656576156616,2.6174888610839844,771480.4375,0.0,1.6264353174531384e+21,6.394135654296453e+17,8.316026190428908e+20,9.783668209011288e+19,0.21391153591235457,0.12023558639706704,2.636548
28206,0.14,792998.5625,1.8515164483282792e+19,3071975.749999998,409592.59374999994,8.268054761991832e+19,49169796431871.94,7.83040952682495,0.6628421545028689,2.2534201145172097,0.3333391547203065,4.487886905670169,1.8365230560302732,0.5522133708000184,0.3127169907093049,0.31271699070930464,2.0306565761566153,2.617488861083981,792998.5625,0.0,9.814965587593606e+20,6.638625121433027e+17,8.379873863083628e+20,9.933648631914352e+19,0.22393616172448236,0.1176459674673111,2.662383156249998
28206,0.145,795836.0625,1.863470558647786e+19,3014445.5,407628.03125,7.952182663517831e+19,54364219637760.0,7.62095308303833,0.709361732006073,1.888316035270691,0.3536612391471863,5.035768508911133,1.8149278163909912,0.5699967741966248,0.33473363518714905,0.2815535068511963,1.8479690551757812,1.9746372699737549,795836.0625,0.0,5.922985048180087e+20,6.897202768495245e+17,8.418403565270664e+20,1.5316059755868534e+20,0.23433447614286024,0.1191172277306022,2.60681746875
28206,0.15,810819.9375,1.9503964086234776e+19,3166862.25,454531.25,8.200831500678909e+19,61029006442496.0,7.365473747253418,0.7325984835624695,1.7577296495437622,0.383830726146698,5.735884666442871,1.8084285259246826,0.5672169327735901,0.3845001757144928,0.2776186764240265,2.0672285556793213,1.7076257467269897,810819.9375,0.0,3.6472584540994824e+20,7.247893376563937e+17,8.440933526094028e+20,1.377373961121505e+20,0.23782910409292193,0.12551276863097904,2.712331
28206,0.155,812352.5625,2.0771052281200116e+19,3062754.75,501156.15625,8.200831500678909e+19,62535499776000.0,7.365473747253418,0.7325984835624695,1.7577296495437622,0.383830726146698,5.735884666442871,1.8084285259246826,0.5672169327735901,0.3845001757144928,0.2776186764240265,2.0672285556793213,1.7076257467269897,812352.5625,0.0,2.200992173014091e+20,7.563453900930417e+17,8.4552521581593e+20,1.3469283961874573e+20,0.25327983241065954,0.14061968124720675,2.56159859375
28206,0.16,822218.6875,2.1480503362929558e+19,3057178.0,491538.15625,8.632987069297197e+19,63818046636032.0,6.995142459869385,0.7616518139839172,1.6045151948928833,0.38200676441192627,5.972663879394531,1.8109689950942993,0.5578988790512085,0.37349915504455566,0.2648325264453888,1.9584426879882812,1.236051321029663,822218.6875,0.0,1.3016567525816874e+20,7.907113819334246e+17,8.464155211672658e+20,1.7840909648367767e+20,0.2488188988412126,0.13851150559697414,2.56563984375
28206,0.165,823941.375,2.2309715450179617e+19,2981189.25,435388.3125,8.636880220068826e+19,66184506507264.0,7.279646396636963,0.8294918537139893,1.502842664718628,0.3989253044128418,5.860990524291992,1.9004933834075928,0.5569632649421692,0.4648549258708954,0.2648215591907501,1.6182293891906738,0.9106867909431458,823941.375,0.0,7.85504037139917e+19,8.262507588390748e+17,8.469266797249723e+20,1.840130873481264e+20,0.2583075703462961,0.12743401169777727,2.5458009375
28206,0.17,833020.6875,2.2496949086250336e+19,3146462.75,452116.4375,8.90732753495754e+19,70231909203968.0,7.279646396636963,0.8294918537139893,1.502842664718628,0.3989253044128418,5.860990524291992,1.9004933834075928,0.5569632649421692,0.4648549258708954,0.2648215591907501,1.3968238830566406,0.6534168720245361,833020.6875,0.0,4.740240038337656e+19,8.488871606343434e+17,8.472352466681914e+20,2.2393334628885935e+20,0.2525667659346668,0.1256374497560088,2.6943463125
28206,0.17500000000000002,824076.0,2.437727449844495e+19,3042380.75,377144.875,9.250878299344522e+19,71097219284992.0,5.77656888961792,0.7240331172943115,1.8517497777938843,0.3872550427913666,6.099421977996826,1.926480770111084,0.5310323238372803,0.4323395788669586,0.2516106069087982,1.148735761642456,0.5630034804344177,824076.0,0.0,2.918946745731357e+19,8.538508371584614e+17,8.474158128657513e+20,1.9447649739487995e+20,0.26351308178135063,0.11029154510531118,2.665235875
28206,0.18,825542.5,2.516932529169943e+19,3016863.7499999967,408195.28125,9.355214036336742e+19,58645828075520.12,5.257140159606936,0.6941815018653872,2.036252498626708,0.3545693457126619,5.726135253906252,1.939470887184143,0.5238407850265503,0.42260044813156133,0.22464276850223555,0.7113827466964746,0.6446880698204036,825542.5000000001,0.0,1.7614816192738886e+19,8.378431848086241e+17,8.475303731812725e+20,1.9190555773416296e+20,0.26904061407829727,0.11917901511963475,2.608668468749997
28206,0.185,816518.6875000001,2.4498174598011953e+19,2966789.4999999995,373012.6875,8.959359943621121e+19,63846244941824.08,5.257140159606934,0.694181501865387,2.036252498626709,0.35456934571266174,5.72613525390625,1.939470887184143,0.5238407850265503,0.4226004481315613,0.2246427685022354,0.41898715496063393,0.8936578631401049,816518.6875000001,0.0,1.0629922286687224e+19,7.962715435156116e+17,8.475996160255433e+20,2.3734089663107616e+20,0.273436660120505,0.11168702661764258,2.5937768124999994
28206,0.19,809773.7499999999,2.464749707315695e+19,3114354.749999998,362153.5312499998,8.764186074379243e+19,61903913091072.08,4.695411682128905,0.6976383328437806,1.9404710531234735,0.34287807345390325,5.746788978576662,1.8906683921813963,0.5337908864021301,0.42923998832702637,0.23177553713321664,0.292447000741959,1.0745053291320807,809773.75,0.0,6.286487968379116e+18,7.415039072634145e+17,8.476425409594917e+20,4.329335654539162e+20,0.28122973273251395,0.10417159913917604,2.752201218749998
28206,0.195,801741.6875,2.430793049910437e+19,3007670.4999999953,416545.71875000116,8.553068406925322e+19,65220340875264.0,4.530029773712158,0.714796006679535,1.8093672990798944,0.3570080101490022,6.113029479980471,1.862742781639099,0.539680004119873,0.43177852034568787,0.19355957210063937,0.3610326647758494,1.2017755508422858,801741.6875,0.0,3.793674106373712e+18,6.833239366744154e+17,8.47667240388698e+20,1.8691497121271094e+20,0.2842012871009253,0.12164699028704153,2.5911247812499942
28206,0.2,800831.8125000001,2.3807426209070977e+19,2986628.2499999977,440517.4062500009,8.461844126192003e+19,75553029750784.03,,,,,,,,,,,,800831.8124999998,0.0,2.2893486855296123e+18,6.474474907353746e+17,8.476821585624637e+20,2.331948933694305e+20,0.2813503280612283,0.1285376584181598,2.5461108437499966
28206,0.20500000000000002,799159.9375000001,2.416323916693555e+19,2926204.7500000023,2183017.250000096,,84206583545855.88,,,,,,,,,,,,799159.9375,0.0,1.4097360847739133e+18,7.315018561439662e+17,8.476907435492534e+20,1.6506348822852325e+20,,0.42726990972992446,0.7431874999999064
28206,0.21,344903.0,2.5995915593473065e+18,3081378.25,15390564.0,,1481782591488.0,,,,,,,,,,,,344903.0,0.0,8.507258876733686e+17,9.244139887358116e+17,8.476963730487876e+20,8.941982272295272e+18,,0.8331859724612353,-12.30918575
28206,0.215,-7266.7626953125,0.0,2947546.0,-75435.90625,,453994577920.0,,,,,,,,,,,,-7266.7626953125,0.0,5.133830071684956e+17,1.1921710460614738e+18,8.476998211172523e+20,2.852011666416075e+18,,0.0,3.02298190625
28206,0.22,7250.32763671875,0.0,2958049.75,21807.427734375,,358845677568.0,,,,,,,,,,,,7250.32763671875,0.0,3.036123376658678e+17,1.4931991878046843e+18,8.477016507046009e+20,1.2536765984203331e+21,,0.007318277056713978,2.936242322265625
28206,0.225,-7812.45361328125,0.0,181.54971313476562,-132894.0,,247114088448.0,,,,,,,,,,,,-7812.45361328125,0.0,1.832193362975785e+17,1.7185511053040026e+18,8.477034099232054e+20,1.306290745492019e+21,,0.0,0.13307554971313476
28206,0.23,4151.72509765625,0.0,180.6280975341797,40181.07421875,,0.0,,,,,,,,,,,,4151.72509765625,0.0,1.105664254326866e+17,1.8608041329992663e+18,8.477035506606937e+20,3.1814748281210143e+18,,0.9955001006594917,-0.04000044612121582
28206,0.23500000000000001,371.7487487792969,0.0,473.92340087890625,5823.1669921875,,0.0,,,,,,,,,,,,371.7487487792969,0.0,6.672294400858522e+16,1.976475505020371e+18,8.477035506606937e+20,2.478270896582689e+18,,0.9245924762525238,-0.005349243591308594
28206,0.24,-3921.647949218826,0.0,459.6473083496092,-65375.79687499931,,0.0,,,,,,,,,,,,-3921.647949218813,0.0,4.108667935575245e+16,2.062495110024659e+18,8.477035506606937e+20,0.0,,0.0,0.06583544418334891
28206,0.245,-3377.0600585936722,0.0,356.1289978027385,-55464.21875000035,,0.0,,,,,,,,,,,,-3377.06005859361,0.0,2.479436086850355e+16,2.1425347461633795e+18,8.477035506606937e+20,1.239480694942466e+18,,0.0,0.05582034774780309
28206,0.25,-4089.157958984375,0.0,382.5456237792969,-36736.46875,,0.0,,,,,,,,,,,,-4089.157958984375,0.0,1.4663271751614464e+16,2.216220579483091e+18,8.477035506606937e+20,3.8375193315544924e+18,,0.0,0.0371190143737793
28206,0.255,-8388.255859375,0.0,459.71771240234375,-29159.0546875,,0.0,,,,,,,,,,,,-8388.255859375,0.0,8848767574867968.0,2.27141661295326e+18,8.477035506606937e+20,8.256988177458266e+18,,0.0,0.029618772399902345
28206,0.26,-4166.958984375,0.0,547.5426025390625,-38542.1875,,0.0,,,,,,,,,,,,-4166.958984375,0.0,5339918880473088.0,2.315095674439336e+18,8.477035506606937e+20,3.6798908706953626e+18,,0.0,0.039089730102539064
28206,0.265,-7311.07470703125,0.0,422.3612060546875,21795.888671875,,0.0,,,,,,,,,,,,-7311.07470703125,0.0,3222452490469376.0,2.360954655166431e+18,8.477035506606937e+20,1.7909560075773542e+18,,0.9809461971767458,-0.021373527465820313
28206,0.27,-3950.253662109375,0.0,435.116455078125,-75413.609375,,0.0,,,,,,,,,,,,-3950.253662109375,0.0,1984322940698624.0,2.38939957073281e+18,8.477035506606937e+20,7.956522435912663e+18,,0.0,0.07584872583007812
28206,0.275,-4917.8359375,0.0,489.8937072753906,-1737.4510498046875,,0.0,,,,,,,,,,,,-4917.8359375,0.0,1197469094379520.0,2.4200217942000927e+18,8.477035506606937e+20,0.0,,0.0,0.0022273447570800783
28206,0.28,-4525.43896484375,0.0,397.1921081542969,-13252.341796875,,0.0,,,,,,,,,,,,-4525.43896484375,0.0,722630395035648.0,2.446687150196916e+18,8.477035506606937e+20,2.959543028401312e+21,,0.0,0.013649533905029296
28206,0.28500000000000003,,,,,,,,,,,,,,,,,,,,,,,,,,
